Patient ID	Sample ID	Cancer Type Detailed	Mutation Count	Fraction Genome Altered	Diagnosis Age	MSI MANTIS Score	MSIsensor Score	Overall Survival Status	Sex	Ethnicity Category	Race Category	Subtype	Tumor Type	Aneuploidy Score	Birth from Initial Pathologic Diagnosis Date	Buffa Hypoxia Score	Somatic Status
TCGA-CS-4938	TCGA-CS-4938-01	Astrocytoma	14	0.0518	31	0.303	0	0:LIVING	Female	Not Hispanic Or Latino	White	LGG_IDHmut-non-codel	Astrocytoma	1	-11509	-27	Matched
TCGA-CS-4941	TCGA-CS-4941-01	Astrocytoma	43	0.2241	67	0.2736	0	1:DECEASED	Male	Not Hispanic Or Latino	White	LGG_IDHwt	Astrocytoma	7	-24578	-33	Matched
TCGA-CS-4942	TCGA-CS-4942-01	Astrocytoma	25	0.0937	44	0.281	0.02	1:DECEASED	Female		Black or African American	LGG_IDHmut-non-codel	Astrocytoma	2	-16297	-27	Matched
TCGA-CS-4943	TCGA-CS-4943-01	Astrocytoma	24	0.1625	37	0.2751	0.25	1:DECEASED	Male		White	LGG_IDHmut-non-codel	Astrocytoma	5	-13565	-11	Matched
TCGA-CS-4944	TCGA-CS-4944-01	Astrocytoma	21	0.0603	50	0.2697	0.04	0:LIVING	Male		White	LGG_IDHmut-non-codel	Astrocytoma	1	-18494	-11	Matched
TCGA-CS-5390	TCGA-CS-5390-01	Oligodendroglioma	43	0.0511	47	0.2623	0.1	0:LIVING	Female		White	LGG_IDHmut-codel	Oligodendroglioma	2	-17460	-27	Matched
TCGA-CS-5393	TCGA-CS-5393-01	Astrocytoma	24	0.0569	39	0.2715	0	0:LIVING	Male		White	LGG_IDHmut-non-codel	Astrocytoma	0	-14418	-25	Matched
TCGA-CS-5394	TCGA-CS-5394-01	Astrocytoma	22	0.0469	40	0.3295	0.16	0:LIVING	Male		White	LGG_IDHmut-non-codel	Astrocytoma	1	-14920	-31	Matched
TCGA-CS-5395	TCGA-CS-5395-01	Oligodendroglioma	42	0.1861	43	0.2735	0.07	1:DECEASED	Male		Black or African American	LGG_IDHwt	Oligodendroglioma	8	-15848	-21	Matched
TCGA-CS-5396	TCGA-CS-5396-01	Oligodendroglioma	28	0.1259	53	0.2798	0	0:LIVING	Female	Not Hispanic Or Latino	White	LGG_IDHmut-codel	Oligodendroglioma	6	-19399	-35	Matched
TCGA-CS-5397	TCGA-CS-5397-01	Astrocytoma	33	0.2628	54	0.2936	0	1:DECEASED	Female	Not Hispanic Or Latino	White	LGG_IDHwt	Astrocytoma	9	-19866	-29	Matched
TCGA-CS-6186	TCGA-CS-6186-01	Oligoastrocytoma	50	0.1518	58	0.2942	0.02	1:DECEASED	Male	Not Hispanic Or Latino	White	LGG_IDHwt	Oligoastrocytoma	7	-21321	-31	Matched
TCGA-CS-6188	TCGA-CS-6188-01	Astrocytoma	36	0.1406	48	0.3077	0	1:DECEASED	Male	Not Hispanic Or Latino	White	LGG_IDHwt	Astrocytoma	6	-17729	-27	Matched
TCGA-CS-6290	TCGA-CS-6290-01	Astrocytoma	20	0.0133	31	0.2888	0	1:DECEASED	Male			LGG_IDHmut-non-codel	Astrocytoma	0	-11666	-23	Matched
TCGA-CS-6665	TCGA-CS-6665-01	Astrocytoma	61	0.1319	51	0.2995	0.05	0:LIVING	Female	Not Hispanic Or Latino	White	LGG_IDHmut-non-codel	Astrocytoma	19	-18977	-21	Matched
TCGA-CS-6666	TCGA-CS-6666-01	Astrocytoma	43	0.1644	22	0.303	0	0:LIVING	Male	Not Hispanic Or Latino	White	LGG_IDHmut-non-codel	Astrocytoma	8	-8340	-15	Matched
TCGA-CS-6667	TCGA-CS-6667-01	Astrocytoma	22	0.0667	39	0.3037	0	0:LIVING	Female	Not Hispanic Or Latino	White	LGG_IDHmut-non-codel	Astrocytoma	1	-14375	-23	Matched
TCGA-CS-6668	TCGA-CS-6668-01	Oligodendroglioma	23	0.1067	57	0.3029	0.01	0:LIVING	Female	Not Hispanic Or Latino	White	LGG_IDHmut-codel	Oligodendroglioma	2	-20836	-45	Matched
TCGA-CS-6669	TCGA-CS-6669-01	Oligodendroglioma		0.0000	26	0.292	0	0:LIVING	Female		White	LGG_IDHwt	Oligodendroglioma	0	-9809	-21	Matched
TCGA-CS-6670	TCGA-CS-6670-01	Oligodendroglioma	32	0.0595	43	0.3002	0	0:LIVING	Male	Not Hispanic Or Latino	White	LGG_IDHmut-codel	Oligodendroglioma	2	-16066	-23	Matched
TCGA-DB-5270	TCGA-DB-5270-01	Oligoastrocytoma	21	0.0614	38	0.2639	0	0:LIVING	Female	Not Hispanic Or Latino	White	LGG_IDHmut-non-codel	Oligoastrocytoma	2	-13904	-23	Matched
TCGA-DB-5273	TCGA-DB-5273-01	Astrocytoma	11	0.0173	33	0.2724	0.02	0:LIVING	Male	Not Hispanic Or Latino	White	LGG_IDHmut-non-codel	Astrocytoma	1	-12152	-19	Matched
TCGA-DB-5274	TCGA-DB-5274-01	Oligoastrocytoma	45	0.1993	37	0.268	0.01	0:LIVING	Female	Not Hispanic Or Latino	White	LGG_IDHmut-codel	Oligoastrocytoma	2	-13680	-3	Matched
TCGA-DB-5275	TCGA-DB-5275-01	Oligoastrocytoma	40	0.1438	36	0.2726	0.22	0:LIVING	Male	Not Hispanic Or Latino	White	LGG_IDHmut-non-codel	Oligoastrocytoma	3	-13371	-27	Matched
TCGA-DB-5276	TCGA-DB-5276-01	Oligoastrocytoma	15	0.0030	32	0.2762	0.01	0:LIVING	Male	Not Hispanic Or Latino	White	LGG_IDHmut-non-codel	Oligoastrocytoma	0	-11738	-25	Matched
TCGA-DB-5277	TCGA-DB-5277-01	Astrocytoma	37	0.7416	34	0.2819	0.69	1:DECEASED	Male	Not Hispanic Or Latino	White	LGG_IDHmut-non-codel	Astrocytoma	9	-12725	-13	Matched
TCGA-DB-5278	TCGA-DB-5278-01	Oligodendroglioma	8	0.0511	17	0.2659	0.25	0:LIVING	Male	Not Hispanic Or Latino	White	LGG_IDHmut-codel	Oligodendroglioma	2	-6480	-29	Matched
TCGA-DB-5279	TCGA-DB-5279-01	Oligodendroglioma	36	0.2112	59	0.2803	0.08	0:LIVING	Male			LGG_IDHmut-codel	Oligodendroglioma	15	-21908	-23	Matched
TCGA-DB-5280	TCGA-DB-5280-01	Oligoastrocytoma	25	0.0285	43	0.2732	0.03	0:LIVING	Male	Not Hispanic Or Latino	White	LGG_IDHmut-non-codel	Oligoastrocytoma	0	-15836	-31	Matched
TCGA-DB-5281	TCGA-DB-5281-01	Oligoastrocytoma	51	0.3117	61	0.2716	0.02	0:LIVING	Male	Not Hispanic Or Latino	White	LGG_IDHmut-non-codel	Oligoastrocytoma	6	-22342	-23	Matched
TCGA-DB-A4X9	TCGA-DB-A4X9-01	Oligoastrocytoma	23	0.0957	33	0.3146	0	0:LIVING	Female	Not Hispanic Or Latino	White	LGG_IDHmut-non-codel	Oligoastrocytoma	4	-12131	-25	Matched
TCGA-DB-A4XA	TCGA-DB-A4XA-01	Oligoastrocytoma	16	0.0516	30	0.306	0	0:LIVING	Male	Not Hispanic Or Latino	White	LGG_IDHmut-codel	Oligoastrocytoma	2	-11195	-23	Matched
TCGA-DB-A4XB	TCGA-DB-A4XB-01	Astrocytoma	31	0.0512	38	0.3091	0.07	0:LIVING	Male	Not Hispanic Or Latino	White	LGG_IDHmut-non-codel	Astrocytoma	0	-13990	-35	Matched
TCGA-DB-A4XC	TCGA-DB-A4XC-01	Oligoastrocytoma	19	0.0225	26	0.3289	0.08	0:LIVING	Male	Not Hispanic Or Latino	White	LGG_IDHmut-non-codel	Oligoastrocytoma	0	-9705	-31	Matched
TCGA-DB-A4XD	TCGA-DB-A4XD-01	Astrocytoma	33	0.0465	32	0.3121	0.01	0:LIVING	Male	Not Hispanic Or Latino	White	LGG_IDHmut-non-codel	Astrocytoma	0	-11741	-31	Matched
TCGA-DB-A4XE	TCGA-DB-A4XE-01	Oligoastrocytoma	24	0.2011	27	0.2953	0	0:LIVING	Female	Not Hispanic Or Latino	White	LGG_IDHmut-non-codel	Oligoastrocytoma	5	-10150	-21	Matched
TCGA-DB-A4XF	TCGA-DB-A4XF-01	Astrocytoma	28	0.0549	41	0.2994	0.07	0:LIVING	Female	Not Hispanic Or Latino	White	LGG_IDHmut-non-codel	Astrocytoma	0	-15066	-31	Matched
TCGA-DB-A4XG	TCGA-DB-A4XG-01	Oligodendroglioma	21	0.0776	34	0.3259	0.17	0:LIVING	Male	Not Hispanic Or Latino	White	LGG_IDHmut-codel	Oligodendroglioma	4	-12550	-33	Matched
TCGA-DB-A4XH	TCGA-DB-A4XH-01	Oligoastrocytoma	39	0.0859	53	0.3094	0.06	0:LIVING	Female	Not Hispanic Or Latino	White	LGG_IDHmut-codel	Oligoastrocytoma	2	-19710	-25	Matched
TCGA-DB-A64L	TCGA-DB-A64L-01	Oligodendroglioma	75	0.1351	67	0.298	0.07	0:LIVING	Female	Not Hispanic Or Latino	White	LGG_IDHmut-codel	Oligodendroglioma	13	-24690	-31	Matched
TCGA-DB-A64O	TCGA-DB-A64O-01	Oligoastrocytoma	21	0.2045	59	0.3045	0	1:DECEASED	Male	Not Hispanic Or Latino	White	LGG_IDHwt	Oligoastrocytoma	8	-21811	-27	Matched
TCGA-DB-A64P	TCGA-DB-A64P-01	Oligodendroglioma	26	0.0635	40	0.2945	0.01	0:LIVING	Male	Not Hispanic Or Latino	White	LGG_IDHmut-codel	Oligodendroglioma	3	-14936	-19	Matched
TCGA-DB-A64Q	TCGA-DB-A64Q-01	Oligoastrocytoma	19	0.0882	31	0.3118	0.04	0:LIVING	Female			LGG_IDHmut-codel	Oligoastrocytoma	3	-11637	-31	Matched
TCGA-DB-A64R	TCGA-DB-A64R-01	Oligodendroglioma	15	0.0511	24	0.3077	0	0:LIVING	Female	Hispanic Or Latino		LGG_IDHmut-codel	Oligodendroglioma	2	-8947	-39	Matched
TCGA-DB-A64S	TCGA-DB-A64S-01	Oligoastrocytoma	12	0.0000	20	0.3057	0	0:LIVING	Male	Not Hispanic Or Latino	White	LGG_IDHmut-non-codel	Oligoastrocytoma	0	-7389	-19	Matched
TCGA-DB-A64U	TCGA-DB-A64U-01	Oligoastrocytoma	10	0.0518	38	0.3034	0.01	0:LIVING	Female	Not Hispanic Or Latino	White	LGG_IDHmut-codel	Oligoastrocytoma	2	-14019	-33	Matched
TCGA-DB-A64V	TCGA-DB-A64V-01	Oligodendroglioma	29	0.0768	54	0.3035	0	0:LIVING	Male	Not Hispanic Or Latino	White	LGG_IDHmut-codel	Oligodendroglioma	2	-19950	-25	Matched
TCGA-DB-A64W	TCGA-DB-A64W-01	Oligoastrocytoma	40	0.1237	65	0.3127	0	1:DECEASED	Female	Not Hispanic Or Latino	White	LGG_IDHmut-codel	Oligoastrocytoma	5	-23936	-15	Matched
TCGA-DB-A64X	TCGA-DB-A64X-01	Astrocytoma	65	0.0653	56	0.3072	0	0:LIVING	Female	Not Hispanic Or Latino	White	LGG_IDHmut-non-codel	Astrocytoma	0	-20625	-17	Matched
TCGA-DB-A75K	TCGA-DB-A75K-01	Oligoastrocytoma	35	0.0623	55	0.3281	0	0:LIVING	Female	Not Hispanic Or Latino	White	LGG_IDHmut-codel	Oligoastrocytoma	2	-20241	-25	Matched
TCGA-DB-A75L	TCGA-DB-A75L-01	Astrocytoma	37	0.1127	36	0.3292	0.04	0:LIVING	Female	Not Hispanic Or Latino	White	LGG_IDHmut-non-codel	Astrocytoma	4	-13338	-23	Matched
TCGA-DB-A75M	TCGA-DB-A75M-01	Astrocytoma	25	0.0158	47	0.3329	0.02	0:LIVING	Male	Not Hispanic Or Latino	White	LGG_IDHmut-non-codel	Astrocytoma	1	-17289	-25	Matched
TCGA-DB-A75O	TCGA-DB-A75O-01	Astrocytoma	15	0.0958	29	0.3276	0	0:LIVING	Male	Not Hispanic Or Latino	White	LGG_IDHmut-non-codel	Astrocytoma	2	-10812	-17	Matched
TCGA-DB-A75P	TCGA-DB-A75P-01	Astrocytoma	5	0.0483	25	0.3294	0	0:LIVING	Female			LGG_IDHwt	Astrocytoma	2	-9413	-21	Matched
TCGA-DH-5140	TCGA-DH-5140-01	Oligoastrocytoma	26	0.1768	38	0.2629	0.32	1:DECEASED	Female	Not Hispanic Or Latino	White	LGG_IDHwt	Oligoastrocytoma	13	-13943	-25	Matched
TCGA-DH-5141	TCGA-DH-5141-01	Oligodendroglioma	26	0.0516	32	0.2583	0.02	0:LIVING	Male	Hispanic Or Latino	White	LGG_IDHmut-codel	Oligodendroglioma	2	-11846	-19	Matched
TCGA-DH-5142	TCGA-DH-5142-01	Astrocytoma	34	0.0834	29	0.2682	0.03	0:LIVING	Male	Not Hispanic Or Latino	White	LGG_IDHmut-non-codel	Astrocytoma	5	-10678	-31	Matched
TCGA-DH-5143	TCGA-DH-5143-01	Oligoastrocytoma	27	0.0000	30	0.2646	0	0:LIVING	Male	Not Hispanic Or Latino	White	LGG_IDHmut-non-codel	Oligoastrocytoma	1	-11291	-19	Matched
TCGA-DH-5144	TCGA-DH-5144-01	Oligodendroglioma	34	0.0517	56	0.2628	0.14	0:LIVING	Female	Not Hispanic Or Latino	White	LGG_IDHmut-codel	Oligodendroglioma	2	-20558	-37	Matched
TCGA-DH-A669	TCGA-DH-A669-01	Oligodendroglioma	51	0.4917	70	0.323	0.16	1:DECEASED	Male	Not Hispanic Or Latino	White	LGG_IDHmut-codel	Oligodendroglioma	26	-25809	-9	Matched
TCGA-DH-A66B	TCGA-DH-A66B-01	Astrocytoma	43	0.2800	52	0.3027	0.01	0:LIVING	Male	Not Hispanic Or Latino	White	LGG_IDHmut-non-codel	Astrocytoma	10	-19156	-29	Matched
TCGA-DH-A66D	TCGA-DH-A66D-01	Astrocytoma	43	0.1089	43	0.312	0.01	0:LIVING	Female	Not Hispanic Or Latino	White	LGG_IDHmut-non-codel	Astrocytoma	4	-15866	-35	Matched
TCGA-DH-A66F	TCGA-DH-A66F-01	Oligodendroglioma	18	0.0511	49	0.3079	0.05	0:LIVING	Male	Not Hispanic Or Latino	White	LGG_IDHmut-codel	Oligodendroglioma	2	-18193	-23	Matched
TCGA-DH-A66G	TCGA-DH-A66G-01	Oligodendroglioma	33	0.1545	49	0.3154	0.03	0:LIVING	Female	Not Hispanic Or Latino	White	LGG_IDHmut-non-codel	Oligodendroglioma	5	-18199	-29	Matched
TCGA-DH-A7UR	TCGA-DH-A7UR-01	Oligodendroglioma	58	0.0651	59	0.3079	0.07	0:LIVING	Female	Not Hispanic Or Latino	White	LGG_IDHmut-codel	Oligodendroglioma	3	-21803	-21	Matched
TCGA-DH-A7US	TCGA-DH-A7US-01	Oligodendroglioma	29	0.0612	50	0.2996	0	0:LIVING	Male	Not Hispanic Or Latino	White	LGG_IDHmut-codel	Oligodendroglioma	2	-18429	-27	Matched
TCGA-DH-A7UT	TCGA-DH-A7UT-01	Astrocytoma	19	0.1878	30	0.3253	0.01	1:DECEASED	Male	Not Hispanic Or Latino	White	LGG_IDHmut-non-codel	Astrocytoma	7	-11014	-29	Matched
TCGA-DH-A7UU	TCGA-DH-A7UU-01	Astrocytoma	42	0.1167	43	0.3194	0.07	0:LIVING	Male	Not Hispanic Or Latino	White	LGG_IDHmut-non-codel	Astrocytoma	4	-16037	-25	Matched
TCGA-DH-A7UV	TCGA-DH-A7UV-01	Astrocytoma	32	0.0804	49	0.3082	0	0:LIVING	Male	Not Hispanic Or Latino	White	LGG_IDHmut-non-codel	Astrocytoma	2	-18161	-23	Matched
TCGA-DU-5847	TCGA-DU-5847-01	Astrocytoma	35	0.1966	34	0.2986	0.05	0:LIVING	Female	Not Hispanic Or Latino	White	LGG_IDHwt	Astrocytoma	7	-12606	-23	Matched
TCGA-DU-5849	TCGA-DU-5849-01	Oligodendroglioma	31	0.1046	48	0.2822	0.02	0:LIVING	Male	Not Hispanic Or Latino	White	LGG_IDHmut-codel	Oligodendroglioma	3	-17663	-27	Matched
TCGA-DU-5851	TCGA-DU-5851-01	Oligoastrocytoma	20	0.0543	40	0.2961	0	0:LIVING	Female	Not Hispanic Or Latino	White	LGG_IDHmut-non-codel	Oligoastrocytoma	0	-14802	-25	Matched
TCGA-DU-5852	TCGA-DU-5852-01	Oligoastrocytoma	65	0.1319	61	0.2992	0	1:DECEASED	Female	Not Hispanic Or Latino	White	LGG_IDHwt	Oligoastrocytoma	6	-22348	-19	Matched
TCGA-DU-5853	TCGA-DU-5853-01	Oligoastrocytoma	17	0.0961	29	0.2998	0.01	0:LIVING	Male	Not Hispanic Or Latino	White	LGG_IDHmut-non-codel	Oligoastrocytoma	0	-10624	-29	Matched
TCGA-DU-5854	TCGA-DU-5854-01	Astrocytoma	42	0.1652	57	0.2846	0	0:LIVING	Female	Not Hispanic Or Latino	White	LGG_IDHwt	Astrocytoma	7	-21106	-27	Matched
TCGA-DU-5855	TCGA-DU-5855-01	Oligoastrocytoma	46	0.1019	49	0.2913	0	0:LIVING	Female	Not Hispanic Or Latino	White	LGG_IDHmut-non-codel	Oligoastrocytoma	1	-18234	-29	Matched
TCGA-DU-5870	TCGA-DU-5870-01	Oligodendroglioma	13	0.0879	34	0.2838	0.03	0:LIVING	Female	Not Hispanic Or Latino	White	LGG_IDHmut-codel	Oligodendroglioma		-12764	-27	Matched
TCGA-DU-5871	TCGA-DU-5871-01	Oligoastrocytoma	29	0.1054	37	0.2859	0	0:LIVING	Female	Not Hispanic Or Latino	White	LGG_IDHmut-non-codel	Oligoastrocytoma	1	-13673	-27	Matched
TCGA-DU-5872	TCGA-DU-5872-01	Oligoastrocytoma	25	0.0911	43	0.3001	0	0:LIVING	Female	Not Hispanic Or Latino	Black or African American	LGG_IDHmut-non-codel	Oligoastrocytoma	1	-15986	-25	Matched
TCGA-DU-5874	TCGA-DU-5874-01	Oligodendroglioma	37	0.0663	62	0.3014	0.02	0:LIVING	Female	Not Hispanic Or Latino	White	LGG_IDHmut-codel	Oligodendroglioma	2	-22847	-37	Matched
TCGA-DU-6392	TCGA-DU-6392-01	Astrocytoma	10857	0.0665	35	0.5506	8.57	0:LIVING	Female	Not Hispanic Or Latino	White	LGG_IDHwt	Astrocytoma	2	-12836	-15	Matched
TCGA-DU-6393	TCGA-DU-6393-01	Oligodendroglioma	27	0.1634	66	0.3022	0.02	1:DECEASED	Male	Not Hispanic Or Latino	White	LGG_IDHmut-codel	Oligodendroglioma	8	-24282	-23	Matched
TCGA-DU-6394	TCGA-DU-6394-01	Oligodendroglioma	31	0.0513	53	0.2917	0	1:DECEASED	Male	Not Hispanic Or Latino	White	LGG_IDHmut-codel	Oligodendroglioma	2	-19541	-39	Matched
TCGA-DU-6395	TCGA-DU-6395-01	Oligoastrocytoma	22	0.0958	31	0.2954	0	1:DECEASED	Male	Not Hispanic Or Latino	White	LGG_IDHmut-non-codel	Oligoastrocytoma	3	-11584	-21	Matched
TCGA-DU-6396	TCGA-DU-6396-01	Oligoastrocytoma	36	0.1097	31	0.2915	0	1:DECEASED	Female	Not Hispanic Or Latino	White	LGG_IDHmut-non-codel	Oligoastrocytoma	2	-11427	-39	Matched
TCGA-DU-6397	TCGA-DU-6397-01	Oligodendroglioma	34	0.0758	45	0.2962	0.16	1:DECEASED	Male	Not Hispanic Or Latino	White	LGG_IDHmut-codel	Oligodendroglioma	2	-16695	-25	Matched
TCGA-DU-6399	TCGA-DU-6399-01	Oligodendroglioma	45	0.1031	54	0.303	0	1:DECEASED	Male	Not Hispanic Or Latino	White	LGG_IDHmut-non-codel	Oligodendroglioma	1	-19906	-25	Matched
TCGA-DU-6400	TCGA-DU-6400-01	Oligodendroglioma	43	0.0840	66	0.2966	0	1:DECEASED	Female	Not Hispanic Or Latino	White	LGG_IDHmut-codel	Oligodendroglioma	3	-24122	-33	Matched
TCGA-DU-6401	TCGA-DU-6401-01	Oligodendroglioma	24	0.1286	31	0.2918	0	1:DECEASED	Female	Not Hispanic Or Latino	White	LGG_IDHmut-non-codel	Oligodendroglioma	2	-11595	-29	Matched
TCGA-DU-6402	TCGA-DU-6402-01	Astrocytoma	43	0.1577	52	0.2903	0.02	1:DECEASED	Male	Not Hispanic Or Latino	White	LGG_IDHwt	Astrocytoma	5	-19207	-1	Matched
TCGA-DU-6403	TCGA-DU-6403-01	Oligoastrocytoma	54	0.1223	60	0.2843	0	1:DECEASED	Female	Not Hispanic Or Latino	White	LGG_IDHwt	Oligoastrocytoma	4	-22031	-21	Matched
TCGA-DU-6404	TCGA-DU-6404-01	Oligodendroglioma	13	0.0699	24	0.2898	0	1:DECEASED	Female	Not Hispanic Or Latino	White	LGG_IDHwt	Oligodendroglioma	2	-9021	-13	Matched
TCGA-DU-6405	TCGA-DU-6405-01	Astrocytoma	49	0.1372	51	0.2937	0.11	1:DECEASED	Female	Not Hispanic Or Latino	White	LGG_IDHwt	Astrocytoma	4	-18686	-25	Matched
TCGA-DU-6406	TCGA-DU-6406-01	Oligoastrocytoma	5	0.1465	59	0.3013	0	1:DECEASED	Female	Not Hispanic Or Latino	White	LGG_IDHwt	Oligoastrocytoma	8	-21634	-25	Matched
TCGA-DU-6407	TCGA-DU-6407-01	Oligodendroglioma	21	0.1798	35	0.2971	0.21	1:DECEASED	Female	Not Hispanic Or Latino	White	LGG_IDHmut-non-codel	Oligodendroglioma	7	-13021	-25	Matched
TCGA-DU-6408	TCGA-DU-6408-01	Oligodendroglioma	25	0.1017	23	0.3029	0	1:DECEASED	Female	Not Hispanic Or Latino	White	LGG_IDHmut-non-codel	Oligodendroglioma	1	-8752	-29	Matched
TCGA-DU-6410	TCGA-DU-6410-01	Oligodendroglioma	39	0.1658	56	0.3115	0.12	0:LIVING	Male	Not Hispanic Or Latino	White	LGG_IDHmut-codel	Oligodendroglioma	6	-20567	-27	Matched
TCGA-DU-6542	TCGA-DU-6542-01	Oligoastrocytoma	22	0.1302	25	0.3062	0.04	0:LIVING	Male	Not Hispanic Or Latino	White	LGG_IDHmut-non-codel	Oligoastrocytoma	1	-9380	-31	Matched
TCGA-DU-7006	TCGA-DU-7006-01	Astrocytoma	59	0.2019	60	0.3065	0	1:DECEASED	Female	Not Hispanic Or Latino	White	LGG_IDHwt	Astrocytoma	6	-21990	-29	Matched
TCGA-DU-7007	TCGA-DU-7007-01	Astrocytoma	35	0.3075	33	0.3159	0.12	1:DECEASED	Male	Not Hispanic Or Latino	White	LGG_IDHmut-non-codel	Astrocytoma	2	-12245	-27	Matched
TCGA-DU-7008	TCGA-DU-7008-01	Oligodendroglioma	28	0.0847	41	0.3056	0	0:LIVING	Female	Not Hispanic Or Latino	White	LGG_IDHmut-non-codel	Oligodendroglioma	0	-15289	-25	Matched
TCGA-DU-7009	TCGA-DU-7009-01	Oligodendroglioma	19	0.0930	32	0.3058	0	1:DECEASED	Female	Not Hispanic Or Latino	White	LGG_IDHmut-codel	Oligodendroglioma	4	-11854	-35	Matched
TCGA-DU-7010	TCGA-DU-7010-01	Astrocytoma	84	0.4690	58	0.3135	0.01	1:DECEASED	Female	Not Hispanic Or Latino	White	LGG_IDHmut-non-codel	Astrocytoma	18	-21199	-19	Matched
TCGA-DU-7011	TCGA-DU-7011-01	Oligoastrocytoma	17	0.0003	25	0.3028	0	1:DECEASED	Male	Not Hispanic Or Latino	White	LGG_IDHmut-non-codel	Oligoastrocytoma	2	-9322	-23	Matched
TCGA-DU-7012	TCGA-DU-7012-01	Astrocytoma	48	0.1997	74	0.3339	0	1:DECEASED	Female	Not Hispanic Or Latino	Black or African American	LGG_IDHwt	Astrocytoma	7	-27039	-35	Matched
TCGA-DU-7013	TCGA-DU-7013-01	Astrocytoma	36	0.2122	59	0.3016	0.03	1:DECEASED	Male	Not Hispanic Or Latino	White	LGG_IDHwt	Astrocytoma	8	-21824	-25	Matched
TCGA-DU-7014	TCGA-DU-7014-01	Oligodendroglioma		0.1397	59	0.3225	0	1:DECEASED	Male	Not Hispanic Or Latino	White		Oligodendroglioma	4	-21865	-17	Matched
TCGA-DU-7015	TCGA-DU-7015-01	Oligodendroglioma	31	0.1195	41	0.3113	0.03	0:LIVING	Female	Not Hispanic Or Latino	White	LGG_IDHmut-non-codel	Oligodendroglioma	3	-15041	-29	Matched
TCGA-DU-7018	TCGA-DU-7018-01	Oligodendroglioma	34	0.1654	57	0.3024	0	1:DECEASED	Female	Not Hispanic Or Latino	White	LGG_IDHmut-codel	Oligodendroglioma	6	-21019	-29	Matched
TCGA-DU-7019	TCGA-DU-7019-01	Oligoastrocytoma	33	0.0491	39	0.32	0	0:LIVING	Male	Not Hispanic Or Latino	White	LGG_IDHmut-non-codel	Oligoastrocytoma	1	-14279	-21	Matched
TCGA-DU-7290	TCGA-DU-7290-01	Astrocytoma	32	0.2006	45	0.2983	0	1:DECEASED	Female	Not Hispanic Or Latino	White	LGG_IDHwt	Astrocytoma	7	-16667	-25	Matched
TCGA-DU-7292	TCGA-DU-7292-01	Astrocytoma	40	0.1216	69	0.2991	0.02	1:DECEASED	Male	Not Hispanic Or Latino	White	LGG_IDHwt	Astrocytoma	4	-25266	-15	Matched
TCGA-DU-7294	TCGA-DU-7294-01	Oligodendroglioma	447	0.1159	53	0.3004	0	0:LIVING	Female	Not Hispanic Or Latino	White	LGG_IDHmut-codel	Oligodendroglioma	4	-19616	-31	Matched
TCGA-DU-7298	TCGA-DU-7298-01	Astrocytoma	296	0.2009	38	0.3159	0.01	1:DECEASED	Female	Not Hispanic Or Latino	Black or African American	LGG_IDHmut-non-codel	Astrocytoma	4	-14205	-21	Matched
TCGA-DU-7299	TCGA-DU-7299-01	Astrocytoma	32	0.0754	33	0.3023	0.02	1:DECEASED	Male	Not Hispanic Or Latino	White	LGG_IDHmut-non-codel	Astrocytoma	3	-12266	-19	Matched
TCGA-DU-7300	TCGA-DU-7300-01	Oligodendroglioma	49	0.0801	53	0.3353	0	1:DECEASED	Female	Not Hispanic Or Latino	White	LGG_IDHmut-codel	Oligodendroglioma	4	-19610	-23	Matched
TCGA-DU-7301	TCGA-DU-7301-01	Oligodendroglioma	26	0.1108	53	0.3472	0.05	1:DECEASED	Male	Not Hispanic Or Latino	White	LGG_IDHmut-non-codel	Oligodendroglioma	1	-19644	-29	Matched
TCGA-DU-7302	TCGA-DU-7302-01	Oligodendroglioma	47	0.1351	48	0.3434	0.09	0:LIVING	Female	Not Hispanic Or Latino	White	LGG_IDHmut-codel	Oligodendroglioma	4	-17656	-31	Matched
TCGA-DU-7304	TCGA-DU-7304-01	Oligoastrocytoma	30	0.1130	43	0.3455	0.12	1:DECEASED	Male	Not Hispanic Or Latino	White	LGG_IDHmut-non-codel	Oligoastrocytoma	3	-15931	-23	Matched
TCGA-DU-7306	TCGA-DU-7306-01	Oligoastrocytoma	58	0.1030	67	0.3466	0	0:LIVING	Male	Not Hispanic Or Latino	White	LGG_IDHmut-non-codel	Oligoastrocytoma	2	-24800	-29	Matched
TCGA-DU-7309	TCGA-DU-7309-01	Oligodendroglioma	39	0.0700	41	0.3361	0	0:LIVING	Female	Not Hispanic Or Latino	White	LGG_IDHmut-non-codel	Oligodendroglioma	0	-15197	-23	Matched
TCGA-DU-8158	TCGA-DU-8158-01	Astrocytoma	40	0.4141	57	0.345	0	1:DECEASED	Female	Not Hispanic Or Latino	White	LGG_IDHwt	Astrocytoma	11	-21129	-25	Matched
TCGA-DU-8161	TCGA-DU-8161-01	Oligoastrocytoma	36	0.2640	63	0.3379	0	1:DECEASED	Female	Not Hispanic Or Latino	White	LGG_IDHwt	Oligoastrocytoma	9	-23064	-25	Matched
TCGA-DU-8162	TCGA-DU-8162-01	Oligoastrocytoma	22	0.0095	61	0.2975	0.1	1:DECEASED	Female	Not Hispanic Or Latino	White	LGG_IDHwt	Oligoastrocytoma	3	-22596	-23	Matched
TCGA-DU-8163	TCGA-DU-8163-01	Oligoastrocytoma	12	0.0544	29	0.3338	0.05	0:LIVING	Male	Not Hispanic Or Latino	White	LGG_IDHmut-non-codel	Oligoastrocytoma	2	-10824	-27	Matched
TCGA-DU-8164	TCGA-DU-8164-01	Oligodendroglioma	33	0.0527	51	0.342	0	0:LIVING	Male	Not Hispanic Or Latino	White	LGG_IDHmut-codel	Oligodendroglioma	2	-18735	-35	Matched
TCGA-DU-8165	TCGA-DU-8165-01	Oligodendroglioma	63	0.4042	60	0.3305	0	0:LIVING	Female	Not Hispanic Or Latino	White	LGG_IDHwt	Oligodendroglioma	26	-21964	-19	Matched
TCGA-DU-8166	TCGA-DU-8166-01	Oligoastrocytoma	27	0.0704	29	0.317	0	0:LIVING	Female	Not Hispanic Or Latino	White	LGG_IDHmut-non-codel	Oligoastrocytoma	3	-10641	-35	Matched
TCGA-DU-8167	TCGA-DU-8167-01	Oligoastrocytoma	50	0.1821	69	0.3418	0	0:LIVING	Female	Not Hispanic Or Latino	White	LGG_IDHmut-non-codel	Oligoastrocytoma	5	-25262	-29	Matched
TCGA-DU-8168	TCGA-DU-8168-01	Oligodendroglioma	59	0.1758	55	0.3378	0	0:LIVING	Female	Not Hispanic Or Latino	White	LGG_IDHmut-codel	Oligodendroglioma	2	-20136	-31	Matched
TCGA-DU-A5TP	TCGA-DU-A5TP-01	Astrocytoma	29	0.0269	33	0.3051	0.05	0:LIVING	Male	Not Hispanic Or Latino	White	LGG_IDHmut-non-codel	Astrocytoma	1	-12111	-19	Matched
TCGA-DU-A5TR	TCGA-DU-A5TR-01	Oligoastrocytoma	40	0.0981	51	0.3103	0.01	0:LIVING	Male	Not Hispanic Or Latino	White	LGG_IDHmut-non-codel	Oligoastrocytoma	5	-18791	-27	Matched
TCGA-DU-A5TS	TCGA-DU-A5TS-01	Oligodendroglioma	35	0.1499	42	0.3178	0.01	0:LIVING	Male	Not Hispanic Or Latino	Black or African American	LGG_IDHmut-non-codel	Oligodendroglioma	2	-15650	-15	Matched
TCGA-DU-A5TT	TCGA-DU-A5TT-01	Oligodendroglioma	45	0.2700	70	0.3051	0.01	0:LIVING	Male	Not Hispanic Or Latino	White	LGG_IDHwt	Oligodendroglioma	30	-25726	-17	Matched
TCGA-DU-A5TU	TCGA-DU-A5TU-01	Astrocytoma	41	0.2210	62	0.3018	0.01	0:LIVING	Female	Not Hispanic Or Latino	White	LGG_IDHmut-non-codel	Astrocytoma	3	-22811	-23	Matched
TCGA-DU-A5TW	TCGA-DU-A5TW-01	Astrocytoma	45	0.1273	33	0.3286	0.05	0:LIVING	Female	Not Hispanic Or Latino	Black or African American	LGG_IDHmut-non-codel	Astrocytoma	4	-12107	-23	Matched
TCGA-DU-A5TY	TCGA-DU-A5TY-01	Astrocytoma	49	0.2368	46	0.3033	0.12	1:DECEASED	Female	Not Hispanic Or Latino	White	LGG_IDHwt	Astrocytoma	13	-16945	-25	Matched
TCGA-DU-A6S2	TCGA-DU-A6S2-01	Oligodendroglioma	14	0.0517	37	0.3401	0	0:LIVING	Female	Not Hispanic Or Latino	Black or African American	LGG_IDHmut-codel	Oligodendroglioma	2	-13597	-27	Matched
TCGA-DU-A6S3	TCGA-DU-A6S3-01	Oligodendroglioma	29	0.0513	60	0.3307	0.02	0:LIVING	Male	Not Hispanic Or Latino	White	LGG_IDHmut-codel	Oligodendroglioma	2	-22038	-29	Matched
TCGA-DU-A6S6	TCGA-DU-A6S6-01	Oligoastrocytoma	15	0.1191	35	0.331	0	0:LIVING	Female	Not Hispanic Or Latino	White	LGG_IDHmut-codel	Oligoastrocytoma	2	-12809	-31	Matched
TCGA-DU-A6S7	TCGA-DU-A6S7-01	Astrocytoma	28	0.0958	27	0.3117	0.03	0:LIVING	Female	Not Hispanic Or Latino	White	LGG_IDHmut-non-codel	Astrocytoma	6	-10170	-27	Matched
TCGA-DU-A6S8	TCGA-DU-A6S8-01	Oligodendroglioma	53	0.2398	74	0.3299	0.02	0:LIVING	Female	Not Hispanic Or Latino	White	LGG_IDHmut-codel	Oligodendroglioma	7	-27084	-37	Matched
TCGA-DU-A76K	TCGA-DU-A76K-01	Oligodendroglioma	49	0.2170	87	0.3053	0.05	1:DECEASED	Male	Not Hispanic Or Latino	White	LGG_IDHwt	Oligodendroglioma	10	-31776	-19	Matched
TCGA-DU-A76L	TCGA-DU-A76L-01	Oligodendroglioma	37	0.1626	54	0.3227	0	1:DECEASED	Male	Not Hispanic Or Latino	White	LGG_IDHwt	Oligodendroglioma	8	-19823	15	Matched
TCGA-DU-A76O	TCGA-DU-A76O-01	Astrocytoma	25	0.0707	30		0.01	0:LIVING	Male	Not Hispanic Or Latino	White	LGG_IDHmut-non-codel	Astrocytoma	2	-10960	-27	Matched
TCGA-DU-A76R	TCGA-DU-A76R-01	Oligodendroglioma	38	0.0863	51	0.3275	0.02	1:DECEASED	Male	Not Hispanic Or Latino	White	LGG_IDHmut-codel	Oligodendroglioma	3	-18939	-21	Matched
TCGA-DU-A7T6	TCGA-DU-A7T6-01	Oligodendroglioma	108	0.2029	73	0.3107	0.01	1:DECEASED	Female	Not Hispanic Or Latino	White	LGG_IDHmut-codel	Oligodendroglioma	15	-26766	-3	Matched
TCGA-DU-A7T8	TCGA-DU-A7T8-01	Oligoastrocytoma	16	0.1408	35	0.3095	0	1:DECEASED	Male	Not Hispanic Or Latino	White	LGG_IDHmut-non-codel	Oligoastrocytoma	1	-13108	-27	Matched
TCGA-DU-A7TA	TCGA-DU-A7TA-01	Oligodendroglioma	39	0.3239	32	0.2979	0.01	0:LIVING	Male	Not Hispanic Or Latino	White	LGG_IDHmut-non-codel	Oligodendroglioma	10	-11764	-23	Matched
TCGA-DU-A7TB	TCGA-DU-A7TB-01	Oligodendroglioma	30	0.0384	56	0.2925	0.03	0:LIVING	Male	Not Hispanic Or Latino	Asian	LGG_IDHwt	Oligodendroglioma	1	-20704	-27	Matched
TCGA-DU-A7TC	TCGA-DU-A7TC-01	Astrocytoma	25	0.1171	32	0.3255	0	0:LIVING	Male	Not Hispanic Or Latino	White	LGG_IDHmut-non-codel	Astrocytoma	3	-11884	-13	Matched
TCGA-DU-A7TD	TCGA-DU-A7TD-01	Oligoastrocytoma	37	0.1541	52	0.3146	0.02	1:DECEASED	Male	Not Hispanic Or Latino	White	LGG_IDHwt	Oligoastrocytoma	6	-19025	-23	Matched
TCGA-DU-A7TG	TCGA-DU-A7TG-01	Oligodendroglioma	9	0.0103	40	0.3196	0	1:DECEASED	Male	Not Hispanic Or Latino	White	LGG_IDHmut-non-codel	Oligodendroglioma	2	-14671	-31	Matched
TCGA-DU-A7TI	TCGA-DU-A7TI-01	Astrocytoma		0.0660	32	0.331	0.03	1:DECEASED	Male	Not Hispanic Or Latino	White		Astrocytoma	1	-11906	-19	Matched
TCGA-DU-A7TJ	TCGA-DU-A7TJ-01	Astrocytoma	37	0.1760	55	0.3345	0.05	0:LIVING	Male	Not Hispanic Or Latino	Black or African American	LGG_IDHwt	Astrocytoma	5	-20394	-21	Matched
TCGA-E1-5302	TCGA-E1-5302-01	Astrocytoma	30	0.1550	41	0.2649	0.04	1:DECEASED	Male	Not Hispanic Or Latino	White	LGG_IDHmut-non-codel	Astrocytoma	1	-15230	-19	Matched
TCGA-E1-5303	TCGA-E1-5303-01	Astrocytoma	29	0.0262	38	0.2619	0.01	1:DECEASED	Male	Not Hispanic Or Latino	White	LGG_IDHmut-non-codel	Astrocytoma	2	-14212	-11	Matched
TCGA-E1-5304	TCGA-E1-5304-01	Astrocytoma	31	0.5510	42	0.2753	0.47	1:DECEASED	Male	Not Hispanic Or Latino	White	LGG_IDHmut-non-codel	Astrocytoma	22	-15481	-13	Matched
TCGA-E1-5305	TCGA-E1-5305-01	Astrocytoma	28	0.1584	34	0.3067	0.01	1:DECEASED	Male	Not Hispanic Or Latino	White	LGG_IDHmut-non-codel	Astrocytoma	2	-12655	-19	Matched
TCGA-E1-5307	TCGA-E1-5307-01	Astrocytoma	63	0.1535	62	0.3001	0	1:DECEASED	Female	Not Hispanic Or Latino	White	LGG_IDHmut-non-codel	Astrocytoma	7	-22837	-27	Matched
TCGA-E1-5311	TCGA-E1-5311-01	Oligodendroglioma	17	0.0898	31	0.2577	0.02	1:DECEASED	Male	Not Hispanic Or Latino	White	LGG_IDHmut-codel	Oligodendroglioma	3	-11332	-29	Matched
TCGA-E1-5318	TCGA-E1-5318-01	Oligodendroglioma	38	0.0716	42	0.267	0.06	1:DECEASED	Female	Not Hispanic Or Latino	White	LGG_IDHmut-codel	Oligodendroglioma	2	-15372	-33	Matched
TCGA-E1-5319	TCGA-E1-5319-01	Oligodendroglioma	34	0.0606	48	0.3071	0.01	1:DECEASED	Female	Not Hispanic Or Latino	White	LGG_IDHmut-codel	Oligodendroglioma	2	-17612	-23	Matched
TCGA-E1-5322	TCGA-E1-5322-01	Oligoastrocytoma	25	0.1229	38	0.2614	0.16	1:DECEASED	Female	Not Hispanic Or Latino	White	LGG_IDHmut-non-codel	Oligoastrocytoma	3	-13903	-29	Matched
TCGA-E1-A7YD	TCGA-E1-A7YD-01	Astrocytoma	51	0.5030	57	0.3261	0.04	1:DECEASED	Male	Not Hispanic Or Latino	White	LGG_IDHwt	Astrocytoma	19	-21020	-5	Matched
TCGA-E1-A7YE	TCGA-E1-A7YE-01	Astrocytoma	60	0.1775	32	0.3292	0	1:DECEASED	Female	Not Hispanic Or Latino	White	LGG_IDHmut-non-codel	Astrocytoma	4	-11971	-31	Matched
TCGA-E1-A7YH	TCGA-E1-A7YH-01	Astrocytoma	25	0.0257	47	0.3282	0	1:DECEASED	Female	Not Hispanic Or Latino	White	LGG_IDHmut-non-codel	Astrocytoma	0	-17465	-23	Matched
TCGA-E1-A7YI	TCGA-E1-A7YI-01	Astrocytoma	43	0.1653	33	0.3294	0	1:DECEASED	Female	Not Hispanic Or Latino	White	LGG_IDHmut-non-codel	Astrocytoma	3	-12229	-11	Matched
TCGA-E1-A7YJ	TCGA-E1-A7YJ-01	Astrocytoma	33	0.1619	55	0.3257	0.04	1:DECEASED	Male	Not Hispanic Or Latino	White	LGG_IDHwt	Astrocytoma	9	-20180	-15	Matched
TCGA-E1-A7YK	TCGA-E1-A7YK-01	Astrocytoma	50	0.0414	52	0.3297	0	1:DECEASED	Male	Not Hispanic Or Latino	White	LGG_IDHmut-non-codel	Astrocytoma	7	-19236	-23	Matched
TCGA-E1-A7YL	TCGA-E1-A7YL-01	Astrocytoma	52	0.2237	46	0.3183	0.04	1:DECEASED	Male	Not Hispanic Or Latino	White	LGG_IDHwt	Astrocytoma	11	-16982	13	Matched
TCGA-E1-A7YM	TCGA-E1-A7YM-01	Astrocytoma	35	0.1535	63	0.3181	0	1:DECEASED	Male	Not Hispanic Or Latino	White	LGG_IDHwt	Astrocytoma	6	-23263	-21	Matched
TCGA-E1-A7YN	TCGA-E1-A7YN-01	Astrocytoma	53	0.1480	63	0.3204	0	1:DECEASED	Female	Not Hispanic Or Latino	White	LGG_IDHwt	Astrocytoma	5	-23180	-29	Matched
TCGA-E1-A7YO	TCGA-E1-A7YO-01	Oligodendroglioma	29	0.0511	45	0.321	0	1:DECEASED	Male	Not Hispanic Or Latino	White	LGG_IDHmut-codel	Oligodendroglioma	2	-16770	-29	Matched
TCGA-E1-A7YQ	TCGA-E1-A7YQ-01	Oligodendroglioma	34	0.6536	58	0.3293	0.15	1:DECEASED	Female	Not Hispanic Or Latino	Black or African American	LGG_IDHwt	Oligodendroglioma	28	-21341	-9	Matched
TCGA-E1-A7YS	TCGA-E1-A7YS-01	Oligodendroglioma	49	0.5579	71	0.325	0.23	1:DECEASED	Male	Not Hispanic Or Latino	Black or African American	LGG_IDHmut-codel	Oligodendroglioma	24	-26159	-31	Matched
TCGA-E1-A7YU	TCGA-E1-A7YU-01	Oligoastrocytoma	20	0.0404	42	0.3198	0	1:DECEASED	Male	Not Hispanic Or Latino	White	LGG_IDHmut-non-codel	Oligoastrocytoma	0	-15345	-15	Matched
TCGA-E1-A7YV	TCGA-E1-A7YV-01	Oligoastrocytoma	39	0.2291	26	0.321	0.04	1:DECEASED	Female	Not Hispanic Or Latino	White	LGG_IDHmut-non-codel	Oligoastrocytoma	10	-9546	-21	Matched
TCGA-E1-A7YW	TCGA-E1-A7YW-01	Oligoastrocytoma	19	0.0623	28	0.3285	0	1:DECEASED	Male	Not Hispanic Or Latino	White	LGG_IDHmut-non-codel	Oligoastrocytoma	2	-10571	-23	Matched
TCGA-E1-A7YY	TCGA-E1-A7YY-01	Oligodendroglioma	8	0.0001	27	0.3106	0	1:DECEASED	Female	Not Hispanic Or Latino	White	LGG_IDHmut-non-codel	Oligodendroglioma	2	-9867	-23	Matched
TCGA-E1-A7Z2	TCGA-E1-A7Z2-01	Oligodendroglioma	29	0.1950	58	0.3159	0	1:DECEASED	Female	Not Hispanic Or Latino	White	LGG_IDHwt	Oligodendroglioma	7	-21341	-19	Matched
TCGA-E1-A7Z3	TCGA-E1-A7Z3-01	Astrocytoma	26	0.0243	31	0.3266	0	1:DECEASED	Female	Not Hispanic Or Latino	Black or African American	LGG_IDHmut-non-codel	Astrocytoma	1	-11330	-21	Matched
TCGA-E1-A7Z4	TCGA-E1-A7Z4-01	Astrocytoma	18	0.0799	35	0.3246	0	1:DECEASED	Male	Not Hispanic Or Latino	White	LGG_IDHmut-non-codel	Astrocytoma	1	-12849	-23	Matched
TCGA-E1-A7Z6	TCGA-E1-A7Z6-01	Astrocytoma	17	0.0260	41	0.3107	0	1:DECEASED	Female	Not Hispanic Or Latino	White	LGG_IDHmut-non-codel	Astrocytoma	1	-14985	-23	Matched
TCGA-EZ-7264	TCGA-EZ-7264-01	Oligodendroglioma	29	0.1683	47	0.3039	0	0:LIVING	Female	Not Hispanic Or Latino	White	LGG_IDHmut-codel	Oligodendroglioma	5	-17432	-39	Matched
TCGA-F6-A8O3	TCGA-F6-A8O3-01	Oligodendroglioma	20	0.1161	34	0.3289	0	0:LIVING	Male	Not Hispanic Or Latino	Asian	LGG_IDHmut-codel	Oligodendroglioma	4	-12578	-27	Matched
TCGA-F6-A8O4	TCGA-F6-A8O4-01	Astrocytoma	29	0.0490	44	0.3305	0	0:LIVING	Male	Not Hispanic Or Latino	Asian	LGG_IDHmut-non-codel	Astrocytoma	0	-16202	-21	Matched
TCGA-FG-5962	TCGA-FG-5962-01	Oligodendroglioma	37	0.2635	54	0.3002	0.01	0:LIVING	Male	Not Hispanic Or Latino	White	LGG_IDHmut-codel	Oligodendroglioma	3	-19818	-27	Matched
TCGA-FG-5963	TCGA-FG-5963-01	Astrocytoma	27	0.1311	23	0.2997	0.18	1:DECEASED	Male	Not Hispanic Or Latino	White	LGG_IDHwt	Astrocytoma	5	-8571	-21	Matched
TCGA-FG-5964	TCGA-FG-5964-01	Oligodendroglioma	38	0.1760	62	0.2944	0.02	0:LIVING	Male	Not Hispanic Or Latino	White	LGG_IDHmut-codel	Oligodendroglioma	5	-22735	-23	Matched
TCGA-FG-5965	TCGA-FG-5965-01	Oligoastrocytoma	40	0.0819	39	0.2951	0	1:DECEASED	Female	Not Hispanic Or Latino	White	LGG_IDHmut-non-codel	Oligoastrocytoma	2	-14249	-29	Matched
TCGA-FG-6688	TCGA-FG-6688-01	Astrocytoma	58	0.1371	59	0.3084	0	0:LIVING	Female	Not Hispanic Or Latino	Black or African American	LGG_IDHwt	Astrocytoma	4	-21745	-13	Matched
TCGA-FG-6689	TCGA-FG-6689-01	Astrocytoma	24	0.0650	30	0.3059	0	0:LIVING	Male	Not Hispanic Or Latino	White	LGG_IDHmut-non-codel	Astrocytoma	3	-11312	-21	Matched
TCGA-FG-6690	TCGA-FG-6690-01	Oligodendroglioma	32	0.0377	70	0.3072	0	0:LIVING	Male	Not Hispanic Or Latino	White	LGG_IDHmut-non-codel	Oligodendroglioma	0	-25667	-29	Matched
TCGA-FG-6691	TCGA-FG-6691-01	Astrocytoma	17	0.0931	23	0.2903	0	0:LIVING	Female	Not Hispanic Or Latino	White	LGG_IDHmut-non-codel	Astrocytoma	3	-8403	-19	Matched
TCGA-FG-6692	TCGA-FG-6692-01	Oligodendroglioma	63	0.1420	63	0.2976	0	1:DECEASED	Male	Not Hispanic Or Latino	White	LGG_IDHwt	Oligodendroglioma	7	-23374	-9	Matched
TCGA-FG-7634	TCGA-FG-7634-01	Oligodendroglioma	16	0.3352	28	0.3424	0	0:LIVING	Male	Not Hispanic Or Latino	White	LGG_IDHmut-codel	Oligodendroglioma	2	-10476	-25	Matched
TCGA-FG-7636	TCGA-FG-7636-01	Astrocytoma	40	0.1064	48	0.3321	0	0:LIVING	Male	Not Hispanic Or Latino	White	LGG_IDHmut-non-codel	Astrocytoma	3	-17843	-27	Matched
TCGA-FG-7637	TCGA-FG-7637-01	Oligoastrocytoma	29		49	0.3339	0.07	0:LIVING	Male	Not Hispanic Or Latino	White		Oligoastrocytoma		-18084	-31	Matched
TCGA-FG-7638	TCGA-FG-7638-01	Oligodendroglioma	14	0.0512	31	0.3535	0	0:LIVING	Female	Not Hispanic Or Latino	White	LGG_IDHmut-codel	Oligodendroglioma	2	-11528	-21	Matched
TCGA-FG-7641	TCGA-FG-7641-01	Oligodendroglioma	26	0.0849	31	0.3328	0	0:LIVING	Male	Not Hispanic Or Latino	White	LGG_IDHmut-codel	Oligodendroglioma	3	-11357	-27	Matched
TCGA-FG-7643	TCGA-FG-7643-01	Oligoastrocytoma	47	0.0765	49	0.3356	0	0:LIVING	Female	Not Hispanic Or Latino	White	LGG_IDHwt	Oligoastrocytoma	7	-18206	-15	Matched
TCGA-FG-8181	TCGA-FG-8181-01	Oligoastrocytoma	2	0.0000	23	0.3245	0.04	0:LIVING	Male	Not Hispanic Or Latino	White	LGG_IDHwt	Oligoastrocytoma	0	-8642	-21	Matched
TCGA-FG-8182	TCGA-FG-8182-01	Oligodendroglioma	29	0.0195	35	0.3007	0.05	0:LIVING	Male	Not Hispanic Or Latino	White	LGG_IDHmut-non-codel	Oligodendroglioma	2	-12972	-29	Matched
TCGA-FG-8185	TCGA-FG-8185-01	Astrocytoma	36	0.0540	37	0.3305	0	0:LIVING	Male	Not Hispanic Or Latino	White	LGG_IDHmut-non-codel	Astrocytoma	1	-13621	-21	Matched
TCGA-FG-8186	TCGA-FG-8186-01	Oligoastrocytoma	32	0.0749	42	0.3213	0	0:LIVING	Female	Hispanic Or Latino	White	LGG_IDHmut-codel	Oligoastrocytoma	2	-15431	-29	Matched
TCGA-FG-8187	TCGA-FG-8187-01	Oligoastrocytoma	13	0.0511	31	0.3327	0	0:LIVING	Male	Not Hispanic Or Latino	White	LGG_IDHmut-codel	Oligoastrocytoma	2	-11684	-21	Matched
TCGA-FG-8188	TCGA-FG-8188-01	Oligoastrocytoma	27	0.0603	41	0.3307	0	0:LIVING	Male	Not Hispanic Or Latino	White	LGG_IDHmut-non-codel	Oligoastrocytoma	2	-15051	-27	Matched
TCGA-FG-8189	TCGA-FG-8189-01	Oligodendroglioma	8	0.0000	33	0.3082	0	0:LIVING	Female	Not Hispanic Or Latino	White	LGG_IDHmut-non-codel	Oligodendroglioma		-12384	-25	Matched
TCGA-FG-8191	TCGA-FG-8191-01	Oligodendroglioma	23	0.0199	30	0.3244	0.02	0:LIVING	Male	Not Hispanic Or Latino	White	LGG_IDHmut-non-codel	Oligodendroglioma	0	-11252	-23	Matched
TCGA-FG-A4MT	TCGA-FG-A4MT-01	Oligodendroglioma	17	0.0670	27	0.2957	0.02	0:LIVING	Female	Not Hispanic Or Latino	White	LGG_IDHmut-non-codel	Oligodendroglioma	1	-10082	-25	Matched
TCGA-FG-A4MU	TCGA-FG-A4MU-01	Oligoastrocytoma	53	0.1480	58	0.3113	0.04	0:LIVING	Male	Not Hispanic Or Latino	White	LGG_IDHwt	Oligoastrocytoma	8	-21450	7	Matched
TCGA-FG-A4MW	TCGA-FG-A4MW-01	Oligoastrocytoma	60	0.1680	63	0.3281	0	1:DECEASED	Male	Not Hispanic Or Latino	White	LGG_IDHwt	Oligoastrocytoma	7	-23077	-17	Matched
TCGA-FG-A4MX	TCGA-FG-A4MX-01	Astrocytoma	25	0.0338	47	0.2943	0.05	0:LIVING	Male	Not Hispanic Or Latino	White	LGG_IDHmut-non-codel	Astrocytoma	0	-17381	-23	Matched
TCGA-FG-A4MY	TCGA-FG-A4MY-01	Oligoastrocytoma	27	0.2247	44	0.3172	0	0:LIVING	Female	Hispanic Or Latino	White	LGG_IDHmut-non-codel	Oligoastrocytoma	2	-16310	-23	Matched
TCGA-FG-A60J	TCGA-FG-A60J-01	Oligoastrocytoma	36	0.0539	47	0.3257	0	0:LIVING	Female	Not Hispanic Or Latino	White	LGG_IDHmut-non-codel	Oligoastrocytoma	2	-17339	-25	Matched
TCGA-FG-A60K	TCGA-FG-A60K-01	Oligoastrocytoma	25	0.0516	34	0.3046	0.05	0:LIVING	Female	Not Hispanic Or Latino	White	LGG_IDHmut-codel	Oligoastrocytoma	2	-12445	-35	Matched
TCGA-FG-A60L	TCGA-FG-A60L-01	Astrocytoma	25	0.1080	34	0.3126	0.04	0:LIVING	Female	Not Hispanic Or Latino	White	LGG_IDHmut-non-codel	Astrocytoma	3	-12580	-7	Matched
TCGA-FG-A6IZ	TCGA-FG-A6IZ-01	Oligodendroglioma	58	0.1503	60	0.3011	0.1	0:LIVING	Male	Not Hispanic Or Latino	White	LGG_IDHmut-codel	Oligodendroglioma	3	-22275	-15	Matched
TCGA-FG-A6J1	TCGA-FG-A6J1-01	Oligodendroglioma	22	0.1170	44	0.3142	0.03	0:LIVING	Female	Not Hispanic Or Latino	White	LGG_IDHmut-codel	Oligodendroglioma	4	-16106	-15	Matched
TCGA-FG-A6J3	TCGA-FG-A6J3-01	Astrocytoma	69	0.2852	52	0.3098	0.17	0:LIVING	Female	Not Hispanic Or Latino	White	LGG_IDHmut-non-codel	Astrocytoma	8	-19138	-1	Matched
TCGA-FG-A70Y	TCGA-FG-A70Y-01	Oligodendroglioma	17	0.0533	20	0.3158	0	0:LIVING	Female	Not Hispanic Or Latino	White	LGG_IDHmut-non-codel	Oligodendroglioma	0	-7421	-17	Matched
TCGA-FG-A70Z	TCGA-FG-A70Z-01	Oligoastrocytoma	46	0.1435	53	0.3071	0.01	0:LIVING	Female	Not Hispanic Or Latino	Black or African American	LGG_IDHwt	Oligoastrocytoma	5	-19717	-17	Matched
TCGA-FG-A710	TCGA-FG-A710-01	Oligodendroglioma	31	0.0517	50	0.3077	0.07	0:LIVING	Female	Not Hispanic Or Latino	White	LGG_IDHmut-codel	Oligodendroglioma	2	-18415	-27	Matched
TCGA-FG-A711	TCGA-FG-A711-01	Oligodendroglioma	37	0.0625	33	0.2984	0.03	1:DECEASED	Female	Not Hispanic Or Latino	White	LGG_IDHmut-non-codel	Oligodendroglioma	1	-12248	-17	Matched
TCGA-FG-A713	TCGA-FG-A713-01	Oligoastrocytoma	25	0.0517	74	0.3232	0	0:LIVING	Female	Not Hispanic Or Latino	White	LGG_IDHmut-codel	Oligoastrocytoma	2	-27232	-25	Matched
TCGA-FG-A87N	TCGA-FG-A87N-01	Astrocytoma	27	0.0728	37	0.3341	0.03	0:LIVING	Female	Not Hispanic Or Latino	Asian	LGG_IDHmut-non-codel	Astrocytoma	2	-13606	-21	Matched
TCGA-FG-A87Q	TCGA-FG-A87Q-01	Astrocytoma	54	0.1838	61	0.3257	0	0:LIVING	Female	Not Hispanic Or Latino	White	LGG_IDHwt	Astrocytoma	8	-22565	-25	Matched
TCGA-FN-7833	TCGA-FN-7833-01	Oligoastrocytoma	21	0.0212	25	0.3294	0	0:LIVING	Male	Not Hispanic Or Latino	White	LGG_IDHmut-non-codel	Oligoastrocytoma	0	-9228	-27	Matched
TCGA-HT-7467	TCGA-HT-7467-01	Oligodendroglioma	30	0.0517	54	0.3082	0	0:LIVING	Male	Not Hispanic Or Latino	White	LGG_IDHmut-codel	Oligodendroglioma	4	-19944	-23	Matched
TCGA-HT-7468	TCGA-HT-7468-01	Oligodendroglioma	15	0.0781	30	0.3085	0.03	0:LIVING	Male	Not Hispanic Or Latino	White	LGG_IDHmut-codel	Oligodendroglioma	3	-11209	-35	Matched
TCGA-HT-7469	TCGA-HT-7469-01	Oligodendroglioma	29	0.2172	30	0.3254	0.02	1:DECEASED	Male	Not Hispanic Or Latino	White	LGG_IDHwt	Oligodendroglioma	5	-11097	-27	Matched
TCGA-HT-7470	TCGA-HT-7470-01	Oligodendroglioma	40	0.0960	37	0.3411	0	1:DECEASED	Male	Not Hispanic Or Latino	White	LGG_IDHmut-non-codel	Oligodendroglioma	3	-13611	-23	Matched
TCGA-HT-7471	TCGA-HT-7471-01	Oligodendroglioma	17	0.1497	37	0.3498	0	0:LIVING	Female	Not Hispanic Or Latino	White	LGG_IDHmut-codel	Oligodendroglioma	2	-13564	-25	Matched
TCGA-HT-7472	TCGA-HT-7472-01	Oligodendroglioma	17	0.0189	38	0.2962	0	0:LIVING	Male	Not Hispanic Or Latino	White	LGG_IDHmut-non-codel	Oligodendroglioma	0	-13968	-31	Matched
TCGA-HT-7473	TCGA-HT-7473-01	Oligoastrocytoma	19	0.1414	28	0.2863	0.02	0:LIVING	Male	Hispanic Or Latino	White	LGG_IDHmut-non-codel	Oligoastrocytoma	4	-10306	-33	Matched
TCGA-HT-7474	TCGA-HT-7474-01	Oligoastrocytoma	22	0.0536	52	0.3025	0	0:LIVING	Male	Not Hispanic Or Latino	White	LGG_IDHmut-non-codel	Oligoastrocytoma	2	-19149	-27	Matched
TCGA-HT-7475	TCGA-HT-7475-01	Oligoastrocytoma	48	0.1846	67	0.3106	0.05	0:LIVING	Male	Not Hispanic Or Latino	White	LGG_IDHmut-non-codel	Oligoastrocytoma	4	-24686	-21	Matched
TCGA-HT-7476	TCGA-HT-7476-01	Astrocytoma	36	0.1799	26	0.3046	0	0:LIVING	Male	Hispanic Or Latino	White	LGG_IDHmut-non-codel	Astrocytoma	3	-9614	-11	Matched
TCGA-HT-7477	TCGA-HT-7477-01	Astrocytoma	40	0.5555	62	0.324	0.02	0:LIVING	Male	Not Hispanic Or Latino	White	LGG_IDHmut-non-codel	Astrocytoma	13	-22948	-11	Matched
TCGA-HT-7478	TCGA-HT-7478-01	Astrocytoma	26	0.0865	36	0.3039	0	0:LIVING	Male	Not Hispanic Or Latino	White	LGG_IDHmut-non-codel	Astrocytoma	2	-13216	-29	Matched
TCGA-HT-7479	TCGA-HT-7479-01	Astrocytoma	22	0.0652	44	0.3132	0.01	0:LIVING	Male	Not Hispanic Or Latino	White	LGG_IDHmut-non-codel	Astrocytoma	3	-16137	-21	Matched
TCGA-HT-7480	TCGA-HT-7480-01	Oligodendroglioma	25	0.0788	33	0.3363	0.02	0:LIVING	Male	Not Hispanic Or Latino	White	LGG_IDHmut-codel	Oligodendroglioma	3	-12291	-33	Matched
TCGA-HT-7481	TCGA-HT-7481-01	Oligodendroglioma	29	0.0517	39	0.328	0	0:LIVING	Male	Not Hispanic Or Latino	White	LGG_IDHmut-codel	Oligodendroglioma	2	-14306	-21	Matched
TCGA-HT-7482	TCGA-HT-7482-01	Oligoastrocytoma	14	0.1117	18		0	0:LIVING	Female	Not Hispanic Or Latino	White	LGG_IDHmut-non-codel	Oligoastrocytoma	4	-6857	-23	Matched
TCGA-HT-7483	TCGA-HT-7483-01	Oligoastrocytoma	17	0.0426	14	0.2932	0	0:LIVING	Male	Not Hispanic Or Latino	White	LGG_IDHmut-non-codel	Oligoastrocytoma	1	-5267	-27	Matched
TCGA-HT-7485	TCGA-HT-7485-01	Astrocytoma	13	0.0134	42	0.3123	0	0:LIVING	Male	Not Hispanic Or Latino	White	LGG_IDHmut-non-codel	Astrocytoma	0	-15589	-25	Matched
TCGA-HT-7601	TCGA-HT-7601-01	Astrocytoma	23	0.0453	30	0.3289	0.02	0:LIVING	Female	Not Hispanic Or Latino	White	LGG_IDHmut-non-codel	Astrocytoma	1	-10989	-31	Matched
TCGA-HT-7602	TCGA-HT-7602-01	Oligodendroglioma	11	0.0007	21	0.3357	0	0:LIVING	Male	Not Hispanic Or Latino	White	LGG_IDHmut-non-codel	Oligodendroglioma	0	-7946	-19	Matched
TCGA-HT-7603	TCGA-HT-7603-01	Oligodendroglioma	28	0.0381	29	0.3088	0.11	0:LIVING	Male	Not Hispanic Or Latino	White	LGG_IDHmut-non-codel	Oligodendroglioma	0	-10883	-7	Matched
TCGA-HT-7604	TCGA-HT-7604-01	Astrocytoma	41	0.0815	50	0.3542	0.02	0:LIVING	Male	Not Hispanic Or Latino	Black or African American	LGG_IDHmut-non-codel	Astrocytoma	1	-18443	-25	Matched
TCGA-HT-7605	TCGA-HT-7605-01	Oligodendroglioma	27	0.0517	38	0.3393	0	0:LIVING	Male	Not Hispanic Or Latino	White	LGG_IDHmut-codel	Oligodendroglioma	2	-13892	-29	Matched
TCGA-HT-7606	TCGA-HT-7606-01	Astrocytoma	24	0.2045	30	0.2975	0.19	0:LIVING	Female	Not Hispanic Or Latino	White	LGG_IDHmut-non-codel	Astrocytoma	2	-11233	-7	Matched
TCGA-HT-7607	TCGA-HT-7607-01	Astrocytoma	29	0.0844	61	0.3408	0	1:DECEASED	Female	Not Hispanic Or Latino	White	LGG_IDHmut-codel	Astrocytoma	3	-22585	-29	Matched
TCGA-HT-7608	TCGA-HT-7608-01	Oligoastrocytoma	18	0.0516	61	0.3413	0	0:LIVING	Male	Not Hispanic Or Latino	Black or African American	LGG_IDHmut-codel	Oligoastrocytoma	2	-22302	-17	Matched
TCGA-HT-7609	TCGA-HT-7609-01	Oligoastrocytoma	25	0.0189	34	0.3513	0.05	0:LIVING	Male	Not Hispanic Or Latino	White	LGG_IDHmut-non-codel	Oligoastrocytoma	0	-12607	-33	Matched
TCGA-HT-7610	TCGA-HT-7610-01	Oligoastrocytoma	15	0.0403	25	0.3365	0.07	0:LIVING	Female	Not Hispanic Or Latino	White	LGG_IDHmut-non-codel	Oligoastrocytoma	0	-9447	-27	Matched
TCGA-HT-7611	TCGA-HT-7611-01	Oligoastrocytoma	28	0.0487	36	0.3385	0.01	0:LIVING	Male	Not Hispanic Or Latino	White	LGG_IDHmut-non-codel	Oligoastrocytoma	1	-13314	-27	Matched
TCGA-HT-7616	TCGA-HT-7616-01	Oligodendroglioma	41	0.1016	75	0.3365	0.02	1:DECEASED	Male	Not Hispanic Or Latino	White	LGG_IDHmut-codel	Oligodendroglioma	4	-27685	-29	Matched
TCGA-HT-7620	TCGA-HT-7620-01	Oligodendroglioma	18	0.0544	40	0.3037	0	0:LIVING	Male	Not Hispanic Or Latino	White	LGG_IDHmut-codel	Oligodendroglioma	2	-14659	-25	Matched
TCGA-HT-7676	TCGA-HT-7676-01	Oligodendroglioma	13	0.0255	26	0.3427	0.01	0:LIVING	Male	Not Hispanic Or Latino	White	LGG_IDHmut-non-codel	Oligodendroglioma	0	-9667	-23	Matched
TCGA-HT-7677	TCGA-HT-7677-01	Oligodendroglioma	36	0.0691	53	0.3353	0	0:LIVING	Male	Not Hispanic Or Latino	White	LGG_IDHmut-codel	Oligodendroglioma	2	-19610	-37	Matched
TCGA-HT-7680	TCGA-HT-7680-01	Astrocytoma	2	0.0000	32	0.3507	0	0:LIVING	Female	Hispanic Or Latino	White	LGG_IDHwt	Astrocytoma	0	-11970	-23	Matched
TCGA-HT-7681	TCGA-HT-7681-01	Oligoastrocytoma	12	0.0612	29	0.3192	0.18	0:LIVING	Female	Not Hispanic Or Latino	White	LGG_IDHmut-codel	Oligoastrocytoma	2	-10790	-23	Matched
TCGA-HT-7684	TCGA-HT-7684-01	Oligoastrocytoma	35	0.0461	58	0.3053	0	0:LIVING	Male	Not Hispanic Or Latino	White	LGG_IDHmut-non-codel	Oligoastrocytoma	2	-21352	17	Matched
TCGA-HT-7686	TCGA-HT-7686-01	Astrocytoma	19	0.0978	29	0.3197	0.08	0:LIVING	Female	Not Hispanic Or Latino	White	LGG_IDHmut-non-codel	Astrocytoma	3	-10724	-25	Matched
TCGA-HT-7687	TCGA-HT-7687-01	Oligodendroglioma	38	0.0517	74	0.3401	0.09	0:LIVING	Male	Not Hispanic Or Latino	White	LGG_IDHmut-codel	Oligodendroglioma	2	-27186	-27	Matched
TCGA-HT-7688	TCGA-HT-7688-01	Oligodendroglioma	82	0.2196	59	0.3311	0.07	0:LIVING	Male	Not Hispanic Or Latino	White	LGG_IDHmut-non-codel	Oligodendroglioma	8	-21844	-27	Matched
TCGA-HT-7689	TCGA-HT-7689-01	Oligodendroglioma	49	0.1254	58	0.3139	0.07	0:LIVING	Female	Not Hispanic Or Latino	White	LGG_IDHmut-non-codel	Oligodendroglioma	2	-21331	-29	Matched
TCGA-HT-7690	TCGA-HT-7690-01	Oligoastrocytoma	21	0.1136	29	0.3378	0.04	0:LIVING	Male	Not Hispanic Or Latino	White	LGG_IDHmut-non-codel	Oligoastrocytoma	2	-10673	-25	Matched
TCGA-HT-7691	TCGA-HT-7691-01	Astrocytoma	5	0.0008	31	0.3188	0.08	0:LIVING	Female	Not Hispanic Or Latino	White	LGG_IDHwt	Astrocytoma	0	-11465	-17	Matched
TCGA-HT-7692	TCGA-HT-7692-01	Oligoastrocytoma	21	0.0787	43	0.3302	0	0:LIVING	Male	Not Hispanic Or Latino	White	LGG_IDHmut-codel	Oligoastrocytoma	4	-15727	-25	Matched
TCGA-HT-7693	TCGA-HT-7693-01	Oligodendroglioma	34	0.0953	51	0.3422	0.05	0:LIVING	Female	Not Hispanic Or Latino	White	LGG_IDHmut-non-codel	Oligodendroglioma	4	-18956	-3	Matched
TCGA-HT-7694	TCGA-HT-7694-01	Oligodendroglioma	32	0.0517	60	0.3431	0.06	0:LIVING	Male	Not Hispanic Or Latino	White	LGG_IDHmut-codel	Oligodendroglioma	2	-21930	-25	Matched
TCGA-HT-7695	TCGA-HT-7695-01	Oligodendroglioma	16	0.0510	29	0.353	0.02	0:LIVING	Female	Not Hispanic Or Latino	White	LGG_IDHmut-codel	Oligodendroglioma	2	-10827	-29	Matched
TCGA-HT-7854	TCGA-HT-7854-01	Astrocytoma	24	0.0004	62	0.3046	0.1	0:LIVING	Male	Not Hispanic Or Latino	White	LGG_IDHwt	Astrocytoma	0	-22738	-27	Matched
TCGA-HT-7855	TCGA-HT-7855-01	Astrocytoma	37	0.0802	39	0.333	0.05	0:LIVING	Male	Not Hispanic Or Latino	White	LGG_IDHmut-non-codel	Astrocytoma	1	-14496	-35	Matched
TCGA-HT-7856	TCGA-HT-7856-01	Oligodendroglioma	10	0.0549	35	0.3203	0.12	0:LIVING	Male	Not Hispanic Or Latino	White	LGG_IDHmut-codel	Oligodendroglioma	4	-13145	-27	Matched
TCGA-HT-7857	TCGA-HT-7857-01	Astrocytoma	15	0.0468	24	0.3135	0.06	0:LIVING	Female	Not Hispanic Or Latino	White	LGG_IDHwt	Astrocytoma	5	-8912	-31	Matched
TCGA-HT-7858	TCGA-HT-7858-01	Astrocytoma	17	0.0163	28	0.3188	0.01	0:LIVING	Male	Not Hispanic Or Latino	White	LGG_IDHmut-non-codel	Astrocytoma	1	-10422	-25	Matched
TCGA-HT-7860	TCGA-HT-7860-01	Astrocytoma	63	0.1713	60	0.3097	0	0:LIVING	Female	Not Hispanic Or Latino	White	LGG_IDHwt	Astrocytoma	9	-22034	-39	Matched
TCGA-HT-7873	TCGA-HT-7873-01	Oligoastrocytoma	25	0.1210	29	0.3182	0	0:LIVING	Male	Not Hispanic Or Latino	White	LGG_IDHmut-non-codel	Oligoastrocytoma	2	-10805	-27	Matched
TCGA-HT-7874	TCGA-HT-7874-01	Oligodendroglioma	23	0.0516	41	0.3173	0.25	0:LIVING	Female	Not Hispanic Or Latino	White	LGG_IDHmut-codel	Oligodendroglioma	2	-15045	-27	Matched
TCGA-HT-7875	TCGA-HT-7875-01	Oligodendroglioma	34	0.0567	56	0.3477	0.05	0:LIVING	Male	Not Hispanic Or Latino	White	LGG_IDHmut-codel	Oligodendroglioma	2	-20613	-35	Matched
TCGA-HT-7877	TCGA-HT-7877-01	Oligodendroglioma	12	0.0510	20	0.3151	0	0:LIVING	Female	Not Hispanic Or Latino	White	LGG_IDHmut-codel	Oligodendroglioma	2	-7581	-25	Matched
TCGA-HT-7879	TCGA-HT-7879-01	Oligoastrocytoma	16	0.0825	31	0.3098	0	0:LIVING	Male	Not Hispanic Or Latino	White	LGG_IDHmut-non-codel	Oligoastrocytoma	1	-11622	-27	Matched
TCGA-HT-7880	TCGA-HT-7880-01	Oligoastrocytoma	8	0.0000	30	0.3401	0.01	0:LIVING	Male	Not Hispanic Or Latino	White	LGG_IDHmut-non-codel	Oligoastrocytoma	0	-11043	-25	Matched
TCGA-HT-7881	TCGA-HT-7881-01	Oligodendroglioma	10	0.0626	38	0.323	0	0:LIVING	Male	Not Hispanic Or Latino	Black or African American	LGG_IDHmut-codel	Oligodendroglioma	2	-14171	-27	Matched
TCGA-HT-7882	TCGA-HT-7882-01	Oligodendroglioma	43	0.0003	66	0.3004	0	1:DECEASED	Male	Hispanic Or Latino	White	LGG_IDHwt	Oligodendroglioma	8	-24450	-9	Matched
TCGA-HT-7884	TCGA-HT-7884-01	Astrocytoma	35	0.0776	44	0.3233	0	0:LIVING	Female	Not Hispanic Or Latino	White	LGG_IDHmut-non-codel	Astrocytoma	2	-16280	-25	Matched
TCGA-HT-7902	TCGA-HT-7902-01	Oligoastrocytoma	28	0.0345	30	0.3317	0.01	0:LIVING	Female	Not Hispanic Or Latino	White	LGG_IDHmut-non-codel	Oligoastrocytoma	6	-11118	-23	Matched
TCGA-HT-8010	TCGA-HT-8010-01	Oligodendroglioma	11	0.0612	64	0.3236	0	0:LIVING	Female	Hispanic Or Latino	White	LGG_IDHmut-codel	Oligodendroglioma	2	-23680	-19	Matched
TCGA-HT-8011	TCGA-HT-8011-01	Astrocytoma	36	0.1820	55	0.3254	0.06	0:LIVING	Male	Not Hispanic Or Latino	White	LGG_IDHwt	Astrocytoma	6	-20175	-7	Matched
TCGA-HT-8012	TCGA-HT-8012-01	Oligodendroglioma	21	0.0788	30	0.3326	0.07	0:LIVING	Female	Not Hispanic Or Latino	White	LGG_IDHmut-codel	Oligodendroglioma	3	-11295	-31	Matched
TCGA-HT-8013	TCGA-HT-8013-01	Oligoastrocytoma	28	0.1252	37	0.3117	0.01	1:DECEASED	Female	Not Hispanic Or Latino	White	LGG_IDHmut-non-codel	Oligoastrocytoma	4	-13753	-31	Matched
TCGA-HT-8015	TCGA-HT-8015-01	Astrocytoma	3	0.0002	21	0.3105	0	0:LIVING	Male	Not Hispanic Or Latino	White	LGG_IDHwt	Astrocytoma	0	-7760	-25	Matched
TCGA-HT-8018	TCGA-HT-8018-01	Oligoastrocytoma	22	0.0132	40	0.3227	0	1:DECEASED	Female	Not Hispanic Or Latino	White	LGG_IDHmut-non-codel	Oligoastrocytoma	3	-14910	-23	Matched
TCGA-HT-8019	TCGA-HT-8019-01	Oligodendroglioma		0.0000	34	0.3202	0	0:LIVING	Female	Not Hispanic Or Latino	White		Oligodendroglioma		-12669	-21	Matched
TCGA-HT-8104	TCGA-HT-8104-01	Astrocytoma	55	0.1899	51	0.3196	0.04	0:LIVING	Female	Not Hispanic Or Latino	White	LGG_IDHwt	Astrocytoma	7	-18748	-23	Matched
TCGA-HT-8105	TCGA-HT-8105-01	Oligodendroglioma	47	0.0510	54	0.3369	0	0:LIVING	Male	Not Hispanic Or Latino	White	LGG_IDHmut-codel	Oligodendroglioma	2	-20041	-25	Matched
TCGA-HT-8106	TCGA-HT-8106-01	Astrocytoma	28	0.0001	53	0.3186	0	0:LIVING	Male	Not Hispanic Or Latino	White	LGG_IDHmut-non-codel	Astrocytoma	7	-19555	-29	Matched
TCGA-HT-8107	TCGA-HT-8107-01	Oligodendroglioma	1	0.0001	62	0.3127	0	0:LIVING	Male	Not Hispanic Or Latino	White	LGG_IDHwt	Oligodendroglioma	0	-22880	-27	Matched
TCGA-HT-8108	TCGA-HT-8108-01	Oligodendroglioma	16	0.0789	26	0.3235	0	0:LIVING	Female	Not Hispanic Or Latino	White	LGG_IDHmut-non-codel	Oligodendroglioma	0	-9539	-37	Matched
TCGA-HT-8109	TCGA-HT-8109-01	Oligodendroglioma	33	0.0562	64	0.3149	0.01	0:LIVING	Male	Hispanic Or Latino	White	LGG_IDHmut-codel	Oligodendroglioma	2	-23486	-25	Matched
TCGA-HT-8110	TCGA-HT-8110-01	Astrocytoma	30	0.1396	57	0.317	0.21	0:LIVING	Male	Not Hispanic Or Latino	White	LGG_IDHwt	Astrocytoma	5	-21183	-19	Matched
TCGA-HT-8111	TCGA-HT-8111-01	Oligoastrocytoma	15	0.0355	32	0.322	0	0:LIVING	Male	Not Hispanic Or Latino	White	LGG_IDHmut-non-codel	Oligoastrocytoma	4	-11810	-23	Matched
TCGA-HT-8113	TCGA-HT-8113-01	Oligodendroglioma	18	0.0002	49	0.3363	0	0:LIVING	Female	Not Hispanic Or Latino	Black or African American	LGG_IDHmut-non-codel	Oligodendroglioma	1	-18173	-15	Matched
TCGA-HT-8114	TCGA-HT-8114-01	Oligoastrocytoma	17	0.0541	36	0.3168	0	0:LIVING	Male	Not Hispanic Or Latino	White	LGG_IDHmut-non-codel	Oligoastrocytoma	0	-13198	-27	Matched
TCGA-HT-8558	TCGA-HT-8558-01	Oligodendroglioma	2		29	0.3126	0.01	0:LIVING	Female	Not Hispanic Or Latino	White		Oligodendroglioma		-10950	-25	Matched
TCGA-HT-8563	TCGA-HT-8563-01	Astrocytoma	22	0.1739	30	0.3059	0	0:LIVING	Female	Not Hispanic Or Latino	White	LGG_IDHmut-non-codel	Astrocytoma	2	-11305	-27	Matched
TCGA-HT-8564	TCGA-HT-8564-01	Astrocytoma	459	0.3543	47	0.4513	4.01	0:LIVING	Male	Hispanic Or Latino	White	LGG_IDHwt	Astrocytoma	25	-17499	-23	Matched
TCGA-HT-A4DS	TCGA-HT-A4DS-01	Astrocytoma	32	0.4539	55	0.3359	0	0:LIVING	Female	Not Hispanic Or Latino	White	LGG_IDHwt	Astrocytoma	14	-20296	-3	Matched
TCGA-HT-A4DV	TCGA-HT-A4DV-01	Oligodendroglioma	13	0.0510	51	0.3128	0	0:LIVING	Female	Not Hispanic Or Latino	White	LGG_IDHmut-codel	Oligodendroglioma		-18799	-17	Matched
TCGA-HT-A5R5	TCGA-HT-A5R5-01	Oligodendroglioma	29	0.0426	33	0.3252	0.01	0:LIVING	Female	Hispanic Or Latino	White	LGG_IDHmut-non-codel	Oligodendroglioma	3	-12403	-11	Matched
TCGA-HT-A5R7	TCGA-HT-A5R7-01	Astrocytoma	29	0.0411	33	0.3312	0.05	0:LIVING	Female	Not Hispanic Or Latino	White	LGG_IDHmut-non-codel	Astrocytoma	1	-12092	-25	Matched
TCGA-HT-A5R9	TCGA-HT-A5R9-01	Oligodendroglioma	39	0.1705	48	0.3315	0	0:LIVING	Female	Not Hispanic Or Latino	White	LGG_IDHmut-codel	Oligodendroglioma	6	-17775	-35	Matched
TCGA-HT-A5RA	TCGA-HT-A5RA-01	Astrocytoma	40	0.1760	65	0.3277	0.19	0:LIVING	Female	Not Hispanic Or Latino	White	LGG_IDHwt	Astrocytoma	7	-23769	7	Matched
TCGA-HT-A5RB	TCGA-HT-A5RB-01	Astrocytoma	20	0.0299	24	0.3218	0	0:LIVING	Male	Hispanic Or Latino	White	LGG_IDHmut-non-codel	Astrocytoma	0	-8820	-27	Matched
TCGA-HT-A5RC	TCGA-HT-A5RC-01	Astrocytoma	48	0.1530	70	0.3144	0.03	1:DECEASED	Female	Not Hispanic Or Latino	White	LGG_IDHwt	Astrocytoma	7	-25772	-33	Matched
TCGA-HT-A614	TCGA-HT-A614-01	Oligoastrocytoma	36	0.0956	47	0.3017	0.02	0:LIVING	Male	Not Hispanic Or Latino	White	LGG_IDHmut-non-codel	Oligoastrocytoma	2	-17392	-29	Matched
TCGA-HT-A615	TCGA-HT-A615-01	Oligodendroglioma	29	0.0877	38	0.2926	0.01	0:LIVING	Female	Not Hispanic Or Latino	White	LGG_IDHmut-codel	Oligodendroglioma	2	-13892	-29	Matched
TCGA-HT-A616	TCGA-HT-A616-01	Astrocytoma	22	0.0963	36	0.2961	0.06	0:LIVING	Female	Not Hispanic Or Latino	White	LGG_IDHmut-non-codel	Astrocytoma	3	-13222	-19	Matched
TCGA-HT-A617	TCGA-HT-A617-01	Oligodendroglioma	19	0.2716	47	0.3049	0	0:LIVING	Male		American Indian or Alaska Native	LGG_IDHwt	Oligodendroglioma	11	-17331	-11	Matched
TCGA-HT-A618	TCGA-HT-A618-01	Astrocytoma	21	0.1657	37	0.311	0.05	0:LIVING	Female	Not Hispanic Or Latino	White	LGG_IDHmut-non-codel	Astrocytoma	6	-13595	-27	Matched
TCGA-HT-A61A	TCGA-HT-A61A-01	Oligodendroglioma	7		20	0.307	0	0:LIVING	Female	Not Hispanic Or Latino	White		Oligodendroglioma		-7664	-25	Matched
TCGA-HT-A61B	TCGA-HT-A61B-01	Astrocytoma	41	0.2562	22	0.3194	0.07	0:LIVING	Male	Not Hispanic Or Latino	White	LGG_IDHmut-non-codel	Astrocytoma	8	-8335	-19	Matched
TCGA-HT-A61C	TCGA-HT-A61C-01	Oligodendroglioma	38	0.1737	66	0.2984	0.08	1:DECEASED	Male	Not Hispanic Or Latino	White	LGG_IDHwt	Oligodendroglioma	5	-24276	5	Matched
TCGA-HT-A74H	TCGA-HT-A74H-01	Astrocytoma	45	0.1823	62	0.3187	0	0:LIVING	Male	Not Hispanic Or Latino	White	LGG_IDHwt	Astrocytoma	7	-22850	-13	Matched
TCGA-HT-A74J	TCGA-HT-A74J-01	Oligoastrocytoma	26	0.1136	33	0.3272	0	0:LIVING	Male	Not Hispanic Or Latino	White	LGG_IDHmut-non-codel	Oligoastrocytoma	4	-12393	-21	Matched
TCGA-HT-A74K	TCGA-HT-A74K-01	Oligodendroglioma	29	0.1750	58	0.3281	0	0:LIVING	Female	Not Hispanic Or Latino	White	LGG_IDHmut-codel	Oligodendroglioma	5	-21189	5	Matched
TCGA-HT-A74L	TCGA-HT-A74L-01	Oligoastrocytoma	12	0.1133	22	0.3207	0	0:LIVING	Female	Not Hispanic Or Latino	White	LGG_IDHmut-codel	Oligoastrocytoma	5	-8240	-31	Matched
TCGA-HT-A74O	TCGA-HT-A74O-01	Astrocytoma	19	0.1018	34	0.3228	0.03	0:LIVING	Male	Not Hispanic Or Latino	White	LGG_IDHmut-non-codel	Astrocytoma	1	-12460	-19	Matched
TCGA-HW-7486	TCGA-HW-7486-01	Oligodendroglioma	10	0.0510	37	0.2981	0	0:LIVING	Male	Not Hispanic Or Latino	White	LGG_IDHmut-codel	Oligodendroglioma	2	-13546	-23	Matched
TCGA-HW-7487	TCGA-HW-7487-01	Oligodendroglioma	14	0.0512	39	0.2926	0	0:LIVING	Male	Not Hispanic Or Latino	White	LGG_IDHmut-codel	Oligodendroglioma	4	-14535	-25	Matched
TCGA-HW-7489	TCGA-HW-7489-01	Oligoastrocytoma	20	0.0552	38	0.2992	0	1:DECEASED	Male	Not Hispanic Or Latino	White	LGG_IDHmut-non-codel	Oligoastrocytoma	0	-14201	-19	Matched
TCGA-HW-7490	TCGA-HW-7490-01	Astrocytoma	103	0.0459	41	0.3003	0	0:LIVING	Male	Not Hispanic Or Latino	White	LGG_IDHmut-non-codel	Astrocytoma	2	-15092	-25	Matched
TCGA-HW-7491	TCGA-HW-7491-01	Oligodendroglioma	16	0.1763	35	0.3073	0.17	0:LIVING	Male		White	LGG_IDHmut-codel	Oligodendroglioma	7	-12874	-29	Matched
TCGA-HW-7493	TCGA-HW-7493-01	Astrocytoma		0.0154	40	0.3079	0	0:LIVING	Female	Not Hispanic Or Latino	White		Astrocytoma	0	-14767	-27	Matched
TCGA-HW-7495	TCGA-HW-7495-01	Oligodendroglioma	17	0.0784	45	0.2961	0	0:LIVING	Female	Not Hispanic Or Latino	White	LGG_IDHmut-codel	Oligodendroglioma	2	-16460	-27	Matched
TCGA-HW-8319	TCGA-HW-8319-01	Astrocytoma	26	0.0891	34	0.3108	0.01	1:DECEASED	Female	Not Hispanic Or Latino	White	LGG_IDHmut-non-codel	Astrocytoma	3	-12557	-27	Matched
TCGA-HW-8320	TCGA-HW-8320-01	Astrocytoma	26	0.0124	36	0.3379	0.07	0:LIVING	Male	Not Hispanic Or Latino	White	LGG_IDHmut-non-codel	Astrocytoma	3	-13503	-33	Matched
TCGA-HW-8321	TCGA-HW-8321-01	Astrocytoma	32	0.0676	31	0.3223	0.01	0:LIVING	Male	Not Hispanic Or Latino	White	LGG_IDHmut-non-codel	Astrocytoma	0	-11474	-23	Matched
TCGA-HW-8322	TCGA-HW-8322-01	Oligodendroglioma	24	0.0953	39	0.3312	0.01	0:LIVING	Male	Not Hispanic Or Latino	White	LGG_IDHmut-codel	Oligodendroglioma	2	-14548	-37	Matched
TCGA-HW-A5KJ	TCGA-HW-A5KJ-01	Oligodendroglioma	43	0.0931	68	0.3105	0.04	1:DECEASED	Male		White	LGG_IDHmut-codel	Oligodendroglioma	2	-24966	-19	Matched
TCGA-HW-A5KK	TCGA-HW-A5KK-01	Astrocytoma	37	0.1369	64	0.3076	0	1:DECEASED	Male		White	LGG_IDHwt	Astrocytoma	7	-23484	-23	Matched
TCGA-HW-A5KL	TCGA-HW-A5KL-01	Astrocytoma	21	0.0004	42	0.3049	0.01	0:LIVING	Female		White	LGG_IDHmut-non-codel	Astrocytoma	0	-15513	-27	Matched
TCGA-HW-A5KM	TCGA-HW-A5KM-01	Astrocytoma	18	0.0508	35	0.2977	0	0:LIVING	Male		White	LGG_IDHmut-non-codel	Astrocytoma	2	-12845	-35	Matched
TCGA-IK-7675	TCGA-IK-7675-01	Oligodendroglioma	38	0.1692	43	0.3523	0.18	1:DECEASED	Male	Hispanic Or Latino	White	LGG_IDHmut-non-codel	Oligodendroglioma	2	-15900	-25	Matched
TCGA-IK-8125	TCGA-IK-8125-01	Oligoastrocytoma	49	0.0562	62	0.3048	0	0:LIVING	Male	Not Hispanic Or Latino	White	LGG_IDHmut-codel	Oligoastrocytoma	2	-22745	-29	Matched
TCGA-KT-A74X	TCGA-KT-A74X-01	Oligoastrocytoma	7	0.1161	26	0.3322	0.02	0:LIVING	Male	Not Hispanic Or Latino	White	LGG_IDHmut-codel	Oligoastrocytoma	3	-9590	-25	Matched
TCGA-KT-A7W1	TCGA-KT-A7W1-01	Astrocytoma	39	0.1307	45	0.3216	0	0:LIVING	Female	Not Hispanic Or Latino	White	LGG_IDHwt	Astrocytoma	6	-16560	-15	Matched
TCGA-P5-A5ET	TCGA-P5-A5ET-01	Oligodendroglioma	23	0.0519	27	0.3079	0	0:LIVING	Male	Not Hispanic Or Latino	White	LGG_IDHmut-codel	Oligodendroglioma	2	-10027	-21	Matched
TCGA-P5-A5EU	TCGA-P5-A5EU-01	Astrocytoma	24	0.3675	35	0.3157	0.18	0:LIVING	Male	Not Hispanic Or Latino	White	LGG_IDHmut-non-codel	Astrocytoma	5	-12851	11	Matched
TCGA-P5-A5EV	TCGA-P5-A5EV-01	Astrocytoma	84	0.1226	39	0.3075	0.04	0:LIVING	Male	Not Hispanic Or Latino	White	LGG_IDHmut-non-codel	Astrocytoma	4	-14310	-15	Matched
TCGA-P5-A5EW	TCGA-P5-A5EW-01	Astrocytoma	17	0.0305	20	0.3161	0.06	0:LIVING	Female	Not Hispanic Or Latino	White	LGG_IDHmut-non-codel	Astrocytoma	0	-7612	-31	Matched
TCGA-P5-A5EX	TCGA-P5-A5EX-01	Oligodendroglioma	20	0.1091	41	0.3291	0	0:LIVING	Female	Not Hispanic Or Latino	White	LGG_IDHmut-codel	Oligodendroglioma	4	-15091	-15	Matched
TCGA-P5-A5EY	TCGA-P5-A5EY-01	Astrocytoma	1	0.0001	21	0.295	0	0:LIVING	Male	Not Hispanic Or Latino	White	LGG_IDHwt	Astrocytoma	0	-7716	-19	Matched
TCGA-P5-A5EZ	TCGA-P5-A5EZ-01	Astrocytoma	36	0.1192	39	0.3087	0	0:LIVING	Male	Not Hispanic Or Latino	White	LGG_IDHmut-non-codel	Astrocytoma	2	-14375	-23	Matched
TCGA-P5-A5F0	TCGA-P5-A5F0-01	Oligodendroglioma	30	0.1066	33	0.3298	0.01	0:LIVING	Male	Not Hispanic Or Latino	White	LGG_IDHmut-codel	Oligodendroglioma	4	-12157	-27	Matched
TCGA-P5-A5F1	TCGA-P5-A5F1-01	Astrocytoma	17	0.0775	30	0.3352	0	0:LIVING	Male	Not Hispanic Or Latino	White	LGG_IDHmut-non-codel	Astrocytoma	2	-11070	-5	Matched
TCGA-P5-A5F2	TCGA-P5-A5F2-01	Astrocytoma	28	0.0894	36	0.3259	0.02	0:LIVING	Female	Not Hispanic Or Latino	White	LGG_IDHmut-non-codel	Astrocytoma	1	-13396	-17	Matched
TCGA-P5-A5F4	TCGA-P5-A5F4-01	Oligodendroglioma	29	0.1874	35	0.3366	0.01	0:LIVING	Female	Not Hispanic Or Latino	White	LGG_IDHmut-non-codel	Oligodendroglioma	5	-12851	-21	Matched
TCGA-P5-A5F6	TCGA-P5-A5F6-01	Oligodendroglioma	1	0.9477	26	0.3526	0.48	0:LIVING	Male	Not Hispanic Or Latino	White	LGG_IDHwt	Oligodendroglioma	18	-9575	-5	Matched
TCGA-P5-A72U	TCGA-P5-A72U-01	Oligodendroglioma	48	0.1520	71	0.3156	0	0:LIVING	Female	Not Hispanic Or Latino	White	LGG_IDHwt	Oligodendroglioma	7	-26002	-23	Matched
TCGA-P5-A72W	TCGA-P5-A72W-01	Astrocytoma	36	0.2337	35	0.322	0.02	0:LIVING	Male	Not Hispanic Or Latino	White	LGG_IDHmut-non-codel	Astrocytoma	4	-12848	-19	Matched
TCGA-P5-A72X	TCGA-P5-A72X-01	Astrocytoma	12	0.0156	21	0.3191	0	0:LIVING	Male	Not Hispanic Or Latino	White	LGG_IDHmut-non-codel	Astrocytoma	1	-7913	-29	Matched
TCGA-P5-A72Z	TCGA-P5-A72Z-01	Oligodendroglioma	27	0.1259	64	0.3185	0	0:LIVING	Female	Not Hispanic Or Latino	White	LGG_IDHmut-codel	Oligodendroglioma	6	-23482	-33	Matched
TCGA-P5-A730	TCGA-P5-A730-01	Oligoastrocytoma	21	0.0517	22	0.3176	0	0:LIVING	Male	Not Hispanic Or Latino	White	LGG_IDHmut-codel	Oligoastrocytoma	2	-8043	-19	Matched
TCGA-P5-A731	TCGA-P5-A731-01	Oligoastrocytoma	22	0.0484	59	0.3289	0.01	0:LIVING	Female	Not Hispanic Or Latino	White	LGG_IDHmut-non-codel	Oligoastrocytoma	0	-21715	-13	Matched
TCGA-P5-A733	TCGA-P5-A733-01	Astrocytoma	38	0.0961	52	0.325	0	0:LIVING	Female	Not Hispanic Or Latino	White	LGG_IDHmut-non-codel	Astrocytoma	2	-19142	-21	Matched
TCGA-P5-A735	TCGA-P5-A735-01	Astrocytoma	23	0.0038	38	0.3327	0	0:LIVING	Female	Not Hispanic Or Latino	White	LGG_IDHmut-non-codel	Astrocytoma	0	-14152	-25	Matched
TCGA-P5-A736	TCGA-P5-A736-01	Astrocytoma	26	0.0250	44	0.331	0	0:LIVING	Female	Not Hispanic Or Latino	White	LGG_IDHmut-non-codel	Astrocytoma	0	-16300	-23	Matched
TCGA-P5-A737	TCGA-P5-A737-01	Oligoastrocytoma	22	0.0950	47	0.3204	0	0:LIVING	Male	Not Hispanic Or Latino	White	LGG_IDHmut-codel	Oligoastrocytoma	3	-17390	-37	Matched
TCGA-P5-A77W	TCGA-P5-A77W-01	Oligoastrocytoma	29	0.2019	37	0.3201	0	0:LIVING	Female	Not Hispanic Or Latino	White	LGG_IDHmut-codel	Oligoastrocytoma	8	-13545	-27	Matched
TCGA-P5-A77X	TCGA-P5-A77X-01	Oligoastrocytoma	29	0.0930	55	0.3367	0	0:LIVING	Female	Not Hispanic Or Latino	White	LGG_IDHmut-codel	Oligoastrocytoma	4	-20128	-25	Matched
TCGA-P5-A780	TCGA-P5-A780-01	Astrocytoma	44	0.1754	44	0.3274	0.05	0:LIVING	Female	Not Hispanic Or Latino	White	LGG_IDHmut-non-codel	Astrocytoma	10	-16161	-23	Matched
TCGA-P5-A781	TCGA-P5-A781-01	Astrocytoma	13	0.0636	34	0.3122	0	0:LIVING	Female	Not Hispanic Or Latino	White	LGG_IDHmut-codel	Astrocytoma	2	-12757	-25	Matched
TCGA-QH-A65R	TCGA-QH-A65R-01	Oligodendroglioma	34	0.0776	38	0.3077	0.03	0:LIVING	Female	Not Hispanic Or Latino	White	LGG_IDHmut-codel	Oligodendroglioma	4	-14073	-15	Matched
TCGA-QH-A65S	TCGA-QH-A65S-01	Oligoastrocytoma	18	0.1104	32	0.2997	0	0:LIVING	Female	Not Hispanic Or Latino	White	LGG_IDHmut-non-codel	Oligoastrocytoma	5	-11861	-21	Matched
TCGA-QH-A65V	TCGA-QH-A65V-01	Oligodendroglioma	20	0.0512	43	0.3081	0.06	0:LIVING	Female	Not Hispanic Or Latino	White	LGG_IDHmut-codel	Oligodendroglioma	2	-15850	-19	Matched
TCGA-QH-A65X	TCGA-QH-A65X-01	Oligoastrocytoma	23	0.0972	28	0.3232	0.04	0:LIVING	Female	Not Hispanic Or Latino	White	LGG_IDHmut-codel	Oligoastrocytoma	4	-10440	-15	Matched
TCGA-QH-A65Z	TCGA-QH-A65Z-01	Oligodendroglioma	27	0.0848	54	0.3006	0.03	0:LIVING	Male	Not Hispanic Or Latino	White	LGG_IDHmut-codel	Oligodendroglioma	3	-19921	-27	Matched
TCGA-QH-A6CS	TCGA-QH-A6CS-01	Astrocytoma	18	0.2521	41	0.3038	0	0:LIVING	Male	Not Hispanic Or Latino	White	LGG_IDHwt	Astrocytoma	11	-15092	-9	Matched
TCGA-QH-A6CU	TCGA-QH-A6CU-01	Oligodendroglioma	13	0.0785	52	0.3199	0	0:LIVING	Female	Not Hispanic Or Latino	White	LGG_IDHmut-codel	Oligodendroglioma	2	-19149	-17	Matched
TCGA-QH-A6CV	TCGA-QH-A6CV-01	Oligoastrocytoma	49	0.2877	51	0.3116	0.07	0:LIVING	Male	Not Hispanic Or Latino	Asian	LGG_IDHwt	Oligoastrocytoma	33	-18955	-13	Matched
TCGA-QH-A6CW	TCGA-QH-A6CW-01	Oligoastrocytoma	44	0.0274	43	0.326	0	0:LIVING	Male	Not Hispanic Or Latino	White	LGG_IDHmut-non-codel	Oligoastrocytoma	0	-15847	-23	Matched
TCGA-QH-A6CX	TCGA-QH-A6CX-01	Astrocytoma	32	0.1354	66	0.3271	0.02	1:DECEASED	Male	Not Hispanic Or Latino	White	LGG_IDHwt	Astrocytoma	4	-24252	-13	Matched
TCGA-QH-A6CY	TCGA-QH-A6CY-01	Oligoastrocytoma	15	0.0849	38	0.3068	0	0:LIVING	Male	Not Hispanic Or Latino	White	LGG_IDHmut-codel	Oligoastrocytoma	3	-14140	-25	Matched
TCGA-QH-A6CZ	TCGA-QH-A6CZ-01	Oligoastrocytoma	33	0.0925	38	0.3324	0	0:LIVING	Male	Not Hispanic Or Latino	White	LGG_IDHmut-codel	Oligoastrocytoma	4	-14007	-25	Matched
TCGA-QH-A6X3	TCGA-QH-A6X3-01	Oligoastrocytoma	23	0.0356	27	0.3128	0	0:LIVING	Male	Not Hispanic Or Latino	White	LGG_IDHmut-non-codel	Oligoastrocytoma	0	-10184	-27	Matched
TCGA-QH-A6X4	TCGA-QH-A6X4-01	Oligoastrocytoma	23	0.1255	47	0.3233	0	0:LIVING	Male	Not Hispanic Or Latino	White	LGG_IDHmut-codel	Oligoastrocytoma	3	-17258	-27	Matched
TCGA-QH-A6X5	TCGA-QH-A6X5-01	Oligoastrocytoma	24	0.0511	58	0.3222	0	0:LIVING	Female	Not Hispanic Or Latino	White	LGG_IDHmut-codel	Oligoastrocytoma	2	-21239	-19	Matched
TCGA-QH-A6X8	TCGA-QH-A6X8-01	Oligodendroglioma	24	0.1120	56	0.3311	0.06	0:LIVING	Female	Not Hispanic Or Latino	White	LGG_IDHmut-codel	Oligodendroglioma	4	-20771	-33	Matched
TCGA-QH-A6X9	TCGA-QH-A6X9-01	Oligodendroglioma	45	0.0887	73	0.3346	0.04	0:LIVING	Female	Not Hispanic Or Latino	White	LGG_IDHmut-non-codel	Oligodendroglioma	1	-26992	-31	Matched
TCGA-QH-A6XA	TCGA-QH-A6XA-01	Oligoastrocytoma	9	0.0280	23	0.3085	0.02	0:LIVING	Female	Not Hispanic Or Latino	White	LGG_IDHmut-non-codel	Oligoastrocytoma	2	-8508	-21	Matched
TCGA-QH-A6XC	TCGA-QH-A6XC-01	Astrocytoma	42	0.1450	48	0.3276	0	0:LIVING	Male	Not Hispanic Or Latino	White	LGG_IDHwt	Astrocytoma	8	-17692	-13	Matched
TCGA-QH-A86X	TCGA-QH-A86X-01	Oligodendroglioma	18	0.0516	33	0.3124	0	0:LIVING	Male	Not Hispanic Or Latino	White	LGG_IDHmut-codel	Oligodendroglioma	2	-12385	-25	Matched
TCGA-QH-A870	TCGA-QH-A870-01	Oligoastrocytoma	21	0.0846	38	0.3252	0	0:LIVING	Female	Not Hispanic Or Latino	White	LGG_IDHmut-non-codel	Oligoastrocytoma	0	-14082	-25	Matched
TCGA-R8-A6MK	TCGA-R8-A6MK-01	Oligodendroglioma	26	0.0641	40	0.3192	0	0:LIVING	Male	Not Hispanic Or Latino	White	LGG_IDHmut-codel	Oligodendroglioma	2	-14716	-23	Matched
TCGA-R8-A6ML	TCGA-R8-A6ML-01	Oligodendroglioma	18	0.0517	52	0.3103	0	0:LIVING	Male	Hispanic Or Latino	White	LGG_IDHmut-codel	Oligodendroglioma	2	-19185	-31	Matched
TCGA-R8-A6MO	TCGA-R8-A6MO-01	Oligodendroglioma	27	0.0517	53	0.3072	0	0:LIVING	Female	Not Hispanic Or Latino	Asian	LGG_IDHmut-codel	Oligodendroglioma	2	-19432	-21	Matched
TCGA-RY-A83X	TCGA-RY-A83X-01	Oligodendroglioma	14	0.0946	46	0.3255	0	0:LIVING	Female	Not Hispanic Or Latino	White	LGG_IDHmut-codel	Oligodendroglioma	3	-16911	-31	Matched
TCGA-RY-A83Y	TCGA-RY-A83Y-01	Oligodendroglioma	31	0.0511	45	0.3147	0.04	0:LIVING	Male	Not Hispanic Or Latino	White	LGG_IDHmut-codel	Oligodendroglioma	2	-16470	-23	Matched
TCGA-RY-A83Z	TCGA-RY-A83Z-01	Astrocytoma	46	0.2026	54	0.3219	0.03	0:LIVING	Female	Not Hispanic Or Latino	White	LGG_IDHmut-non-codel	Astrocytoma	4	-19903	-5	Matched
TCGA-RY-A840	TCGA-RY-A840-01	Oligodendroglioma	11	0.1169	47	0.3244	0.19	0:LIVING	Male			LGG_IDHmut-codel	Oligodendroglioma	4	-17501	-31	Matched
TCGA-RY-A843	TCGA-RY-A843-01	Astrocytoma	21	0.0000	30	0.3173	0	0:LIVING	Male	Not Hispanic Or Latino	White	LGG_IDHmut-non-codel	Astrocytoma	0	-11083	-17	Matched
TCGA-RY-A845	TCGA-RY-A845-01	Oligoastrocytoma	24	0.0545	40	0.3215	0	0:LIVING	Female	Not Hispanic Or Latino	White	LGG_IDHmut-non-codel	Oligoastrocytoma	2	-14617	-25	Matched
TCGA-RY-A847	TCGA-RY-A847-01	Oligodendroglioma	16	0.0725	45	0.3174	0.05	0:LIVING	Male	Not Hispanic Or Latino	White	LGG_IDHmut-codel	Oligodendroglioma	2	-16732	-17	Matched
TCGA-S9-A6TS	TCGA-S9-A6TS-01	Astrocytoma	66	0.1341	48	0.3057	0.07	1:DECEASED	Female	Not Hispanic Or Latino	White	LGG_IDHmut-non-codel	Astrocytoma	1	-17857	-21	Matched
TCGA-S9-A6TU	TCGA-S9-A6TU-01	Astrocytoma	16	0.0077	38	0.3292	0.03	0:LIVING	Male	Not Hispanic Or Latino	White	LGG_IDHmut-non-codel	Astrocytoma	1	-14108	-25	Matched
TCGA-S9-A6TV	TCGA-S9-A6TV-01	Oligoastrocytoma	32	0.1077	50	0.3293	0.06	0:LIVING	Male	Not Hispanic Or Latino	White	LGG_IDHmut-non-codel	Oligoastrocytoma	0	-18321	-3	Matched
TCGA-S9-A6TW	TCGA-S9-A6TW-01	Oligodendroglioma	31	0.2282	40	0.3338	0	0:LIVING	Male	Not Hispanic Or Latino	White	LGG_IDHmut-codel	Oligodendroglioma	10	-14679	-19	Matched
TCGA-S9-A6TX	TCGA-S9-A6TX-01	Oligodendroglioma	35	0.0876	46	0.3238	0	0:LIVING	Male	Not Hispanic Or Latino	White	LGG_IDHmut-codel	Oligodendroglioma	4	-17025	-23	Matched
TCGA-S9-A6TY	TCGA-S9-A6TY-01	Oligodendroglioma	16	0.2015	50	0.3165	0.03	0:LIVING	Male	Not Hispanic Or Latino	White	LGG_IDHmut-codel	Oligodendroglioma	8	-18564	-25	Matched
TCGA-S9-A6TZ	TCGA-S9-A6TZ-01	Astrocytoma	26	0.0647	39	0.3258	0	0:LIVING	Female	Not Hispanic Or Latino	White	LGG_IDHmut-non-codel	Astrocytoma	1	-14592	-29	Matched
TCGA-S9-A6U0	TCGA-S9-A6U0-01	Astrocytoma	36	0.1121	46	0.3121	0	1:DECEASED	Male	Not Hispanic Or Latino	White	LGG_IDHwt	Astrocytoma	4	-16890	1	Matched
TCGA-S9-A6U1	TCGA-S9-A6U1-01	Astrocytoma	16	0.0000	22	0.2989	0.03	0:LIVING	Female	Not Hispanic Or Latino	White	LGG_IDHmut-non-codel	Astrocytoma	2	-8271	-25	Matched
TCGA-S9-A6U2	TCGA-S9-A6U2-01	Oligodendroglioma	24	0.0780	48	0.3006	0.04	0:LIVING	Female	Not Hispanic Or Latino	White	LGG_IDHmut-codel	Oligodendroglioma	3	-17800	-35	Matched
TCGA-S9-A6U5	TCGA-S9-A6U5-01	Astrocytoma	19	0.0516	33	0.3013	0.07	0:LIVING	Male	Not Hispanic Or Latino	White	LGG_IDHmut-codel	Astrocytoma	2	-12417	-29	Matched
TCGA-S9-A6U6	TCGA-S9-A6U6-01	Astrocytoma	35	0.0376	28	0.2982	0.07	0:LIVING	Male	Not Hispanic Or Latino	White	LGG_IDHmut-non-codel	Astrocytoma	1	-10253	-23	Matched
TCGA-S9-A6U8	TCGA-S9-A6U8-01	Astrocytoma	18	0.0000	24	0.2927	0.04	1:DECEASED	Male	Not Hispanic Or Latino	White	LGG_IDHmut-non-codel	Astrocytoma	0	-9044	-27	Matched
TCGA-S9-A6U9	TCGA-S9-A6U9-01	Astrocytoma	19	0.0214	36	0.3187	0.02	0:LIVING	Male	Not Hispanic Or Latino	White	LGG_IDHmut-non-codel	Astrocytoma	0	-13460	-19	Matched
TCGA-S9-A6UA	TCGA-S9-A6UA-01	Astrocytoma	36	0.0899	66	0.2953	0.05	1:DECEASED	Male	Not Hispanic Or Latino	White	LGG_IDHwt	Astrocytoma	5	-24242	-27	Matched
TCGA-S9-A6UB	TCGA-S9-A6UB-01	Oligodendroglioma	22	0.0787	52	0.3065	0.05	0:LIVING	Male	Not Hispanic Or Latino	White	LGG_IDHmut-codel	Oligodendroglioma	3	-19223	-39	Matched
TCGA-S9-A6WD	TCGA-S9-A6WD-01	Oligodendroglioma	22	0.1516	58		0.08	0:LIVING	Male	Not Hispanic Or Latino	White	LGG_IDHmut-codel	Oligodendroglioma	6	-21231	-25	Matched
TCGA-S9-A6WE	TCGA-S9-A6WE-01	Oligodendroglioma	10	0.0518	34	0.308	0.04	0:LIVING	Male	Not Hispanic Or Latino	White	LGG_IDHmut-codel	Oligodendroglioma	2	-12488	-15	Matched
TCGA-S9-A6WG	TCGA-S9-A6WG-01	Astrocytoma	22	0.0309	31	0.3054	0	0:LIVING	Male	Not Hispanic Or Latino	White	LGG_IDHmut-non-codel	Astrocytoma	0	-11509	-11	Matched
TCGA-S9-A6WH	TCGA-S9-A6WH-01	Oligoastrocytoma	74	0.2007	73	0.2988	0.05	0:LIVING	Female	Not Hispanic Or Latino	White	LGG_IDHmut-codel	Oligoastrocytoma	10	-26904	-35	Matched
TCGA-S9-A6WI	TCGA-S9-A6WI-01	Oligoastrocytoma	22	0.0000	56	0.3054	0.09	0:LIVING	Female	Not Hispanic Or Latino	White	LGG_IDHmut-non-codel	Oligoastrocytoma	2	-20609	-17	Matched
TCGA-S9-A6WL	TCGA-S9-A6WL-01	Astrocytoma	57	0.1544	52	0.3037	0.23	0:LIVING	Male	Not Hispanic Or Latino	White	LGG_IDHmut-codel	Astrocytoma	7	-19234	-29	Matched
TCGA-S9-A6WM	TCGA-S9-A6WM-01	Astrocytoma	56	0.3662	59	0.3107	0.26	0:LIVING	Female	Not Hispanic Or Latino	White	LGG_IDHwt	Astrocytoma	9	-21761	-25	Matched
TCGA-S9-A6WN	TCGA-S9-A6WN-01	Astrocytoma	32	0.0844	38	0.306	0.03	0:LIVING	Female	Not Hispanic Or Latino	White	LGG_IDHmut-codel	Astrocytoma	4	-13961	-29	Matched
TCGA-S9-A6WO	TCGA-S9-A6WO-01	Astrocytoma	29	0.0813	29	0.3207	0	0:LIVING	Male	Not Hispanic Or Latino	White	LGG_IDHmut-non-codel	Astrocytoma	3	-10933	-33	Matched
TCGA-S9-A6WP	TCGA-S9-A6WP-01	Oligoastrocytoma	34	0.1175	42	0.3241	0	0:LIVING	Male	Not Hispanic Or Latino	White	LGG_IDHmut-codel	Oligoastrocytoma	3	-15658	-23	Matched
TCGA-S9-A6WQ	TCGA-S9-A6WQ-01	Oligoastrocytoma	36	0.0536	57	0.316	0	0:LIVING	Female	Not Hispanic Or Latino	White	LGG_IDHmut-non-codel	Oligoastrocytoma	1	-21133	-25	Matched
TCGA-S9-A7IQ	TCGA-S9-A7IQ-01	Oligoastrocytoma	17	0.1155	45	0.3264	0	0:LIVING	Female	Not Hispanic Or Latino	White	LGG_IDHmut-codel	Oligoastrocytoma	4	-16512	-25	Matched
TCGA-S9-A7IS	TCGA-S9-A7IS-01	Astrocytoma	47	0.1450	33	0.3268	0.09	1:DECEASED	Female	Not Hispanic Or Latino	White	LGG_IDHmut-non-codel	Astrocytoma	2	-12402	-11	Matched
TCGA-S9-A7IX	TCGA-S9-A7IX-01	Astrocytoma	27	0.2201	57	0.3186	0	1:DECEASED	Male	Not Hispanic Or Latino	White	LGG_IDHwt	Astrocytoma	10	-21095	-27	Matched
TCGA-S9-A7IY	TCGA-S9-A7IY-01	Oligoastrocytoma	25	0.0511	39	0.3209	0	0:LIVING	Male	Not Hispanic Or Latino	White	LGG_IDHmut-codel	Oligoastrocytoma	2	-14422	-27	Matched
TCGA-S9-A7IZ	TCGA-S9-A7IZ-01	Astrocytoma	28	0.1824	48	0.3315	0.06	0:LIVING	Female	Not Hispanic Or Latino	White	LGG_IDHmut-non-codel	Astrocytoma	2	-17874	-29	Matched
TCGA-S9-A7J0	TCGA-S9-A7J0-01	Oligodendroglioma	36	0.2732	30	0.3264	0.07	0:LIVING	Female	Not Hispanic Or Latino	White	LGG_IDHmut-non-codel	Oligodendroglioma	7	-10989	-5	Matched
TCGA-S9-A7J1	TCGA-S9-A7J1-01	Oligodendroglioma	24	0.0598	43	0.3272	0	0:LIVING	Male	Not Hispanic Or Latino	White	LGG_IDHmut-codel	Oligodendroglioma	2	-15926	-31	Matched
TCGA-S9-A7J2	TCGA-S9-A7J2-01	Oligodendroglioma	10	0.0511	25	0.3226	0	0:LIVING	Male	Not Hispanic Or Latino	White	LGG_IDHmut-codel	Oligodendroglioma	2	-9345	-33	Matched
TCGA-S9-A7J3	TCGA-S9-A7J3-01	Oligodendroglioma	25	0.0849	52	0.3214	0.01	0:LIVING	Female	Not Hispanic Or Latino	White	LGG_IDHmut-codel	Oligodendroglioma	2	-19056	-27	Matched
TCGA-S9-A7QW	TCGA-S9-A7QW-01	Astrocytoma	29	0.1436	54	0.3171	0	0:LIVING	Female	Not Hispanic Or Latino	White	LGG_IDHmut-non-codel	Astrocytoma	2	-19869	-29	Matched
TCGA-S9-A7QX	TCGA-S9-A7QX-01	Astrocytoma	24	0.1135	36	0.3129	0.03	0:LIVING	Female	Not Hispanic Or Latino	White	LGG_IDHmut-non-codel	Astrocytoma	1	-13332	-31	Matched
TCGA-S9-A7QY	TCGA-S9-A7QY-01	Oligoastrocytoma	35	0.1459	35	0.3143	0	0:LIVING	Female	Not Hispanic Or Latino	White	LGG_IDHmut-codel	Oligoastrocytoma	5	-12853	-21	Matched
TCGA-S9-A7QZ	TCGA-S9-A7QZ-01	Oligodendroglioma	58	0.0780	41	0.3165	0.06	0:LIVING	Male	Not Hispanic Or Latino	White	LGG_IDHmut-codel	Oligodendroglioma	3	-15300	-29	Matched
TCGA-S9-A7R1	TCGA-S9-A7R1-01	Oligodendroglioma	20	0.1615	35	0.3215	0.07	1:DECEASED	Male	Not Hispanic Or Latino	White	LGG_IDHmut-codel	Oligodendroglioma	6	-12828	-25	Matched
TCGA-S9-A7R2	TCGA-S9-A7R2-01	Astrocytoma	35	0.1436	69	0.3214	0.04	1:DECEASED	Male	Not Hispanic Or Latino	White	LGG_IDHwt	Astrocytoma	5	-25419	-23	Matched
TCGA-S9-A7R3	TCGA-S9-A7R3-01	Astrocytoma	26	0.0624	28	0.3032	0.07	0:LIVING	Female	Not Hispanic Or Latino	White	LGG_IDHmut-non-codel	Astrocytoma	0	-10342	-25	Matched
TCGA-S9-A7R4	TCGA-S9-A7R4-01	Astrocytoma	23	0.0024	46	0.3098	0.05	0:LIVING	Male	Not Hispanic Or Latino	White	LGG_IDHmut-non-codel	Astrocytoma	0	-17134	-27	Matched
TCGA-S9-A7R7	TCGA-S9-A7R7-01	Astrocytoma	22	0.0912	27	0.3103	0	0:LIVING	Male	Not Hispanic Or Latino	White	LGG_IDHmut-non-codel	Astrocytoma	3	-10108	-31	Matched
TCGA-S9-A7R8	TCGA-S9-A7R8-01	Astrocytoma	30	0.0966	44	0.3175	0.1	1:DECEASED	Female	Not Hispanic Or Latino	White	LGG_IDHmut-non-codel	Astrocytoma	1	-16275	-31	Matched
TCGA-S9-A89V	TCGA-S9-A89V-01	Astrocytoma	41	0.0846	70	0.3258	0.04	0:LIVING	Male	Not Hispanic Or Latino	White	LGG_IDHwt	Astrocytoma	9	-25570	-39	Matched
TCGA-S9-A89Z	TCGA-S9-A89Z-01	Astrocytoma	59	0.1871	40	0.3042	0.01	0:LIVING	Male	Not Hispanic Or Latino	White	LGG_IDHmut-non-codel	Astrocytoma	7	-14858	-21	Matched
TCGA-TM-A7C3	TCGA-TM-A7C3-01	Astrocytoma	56	0.2577	43	0.3229	0.01	1:DECEASED	Female	Not Hispanic Or Latino	White	LGG_IDHwt	Astrocytoma	6	-16021	-31	Matched
TCGA-TM-A7C4	TCGA-TM-A7C4-01	Astrocytoma	36	0.0926	39	0.3311	0.02	0:LIVING	Female	Not Hispanic Or Latino	White	LGG_IDHmut-non-codel	Astrocytoma	1	-14603	-25	Matched
TCGA-TM-A7C5	TCGA-TM-A7C5-01	Oligoastrocytoma	25	0.1429	30	0.3282	0.01	0:LIVING	Male	Not Hispanic Or Latino	White	LGG_IDHmut-codel	Oligoastrocytoma	5	-11286	-31	Matched
TCGA-TM-A7CA	TCGA-TM-A7CA-01	Astrocytoma	35	0.0570	44	0.3096	0.01	0:LIVING	Male	Not Hispanic Or Latino	White	LGG_IDHmut-non-codel	Astrocytoma	1	-16415	-33	Matched
TCGA-TM-A7CF	TCGA-TM-A7CF-01	Astrocytoma	35	0.0674	41	0.3249	0	0:LIVING	Female	Not Hispanic Or Latino	White	LGG_IDHmut-non-codel	Astrocytoma	2	-15178	-27	Matched
TCGA-TM-A84B	TCGA-TM-A84B-01	Astrocytoma	30	0.2040	40	0.3428	0	1:DECEASED	Male	Not Hispanic Or Latino	White	LGG_IDHwt	Astrocytoma	6	-14933	-25	Matched
TCGA-TM-A84C	TCGA-TM-A84C-01	Astrocytoma	18	0.0000	32	0.3227	0	1:DECEASED	Male	Not Hispanic Or Latino	White	LGG_IDHwt	Astrocytoma	0	-11849	-29	Matched
TCGA-TM-A84F	TCGA-TM-A84F-01	Astrocytoma	18	0.0487	48	0.3261	0	0:LIVING	Male	Not Hispanic Or Latino	White	LGG_IDHmut-non-codel	Astrocytoma	1	-17744	-21	Matched
TCGA-TM-A84G	TCGA-TM-A84G-01	Oligodendroglioma	29	0.0646	54	0.3214	0.11	0:LIVING	Female	Not Hispanic Or Latino	White	LGG_IDHmut-codel	Oligodendroglioma	2	-20014	-41	Matched
TCGA-TM-A84H	TCGA-TM-A84H-01	Oligoastrocytoma	44	0.2096	44	0.3296	0.04	0:LIVING	Female	Not Hispanic Or Latino	White	LGG_IDHmut-non-codel	Oligoastrocytoma	4	-16277	-27	Matched
TCGA-TM-A84I	TCGA-TM-A84I-01	Astrocytoma	35	0.3297	30	0.3189	0.03	0:LIVING	Male	Not Hispanic Or Latino	White	LGG_IDHmut-non-codel	Astrocytoma	11	-11221	-23	Matched
TCGA-TM-A84J	TCGA-TM-A84J-01	Oligodendroglioma	36	0.1531	63	0.3326	0.08	0:LIVING	Male	Not Hispanic Or Latino	White	LGG_IDHwt	Oligodendroglioma	7	-23091	1	Matched
TCGA-TM-A84L	TCGA-TM-A84L-01	Oligoastrocytoma	20	0.0397	31	0.3247	0	1:DECEASED	Male	Not Hispanic Or Latino	White	LGG_IDHmut-non-codel	Oligoastrocytoma	0	-11498	-29	Matched
TCGA-TM-A84M	TCGA-TM-A84M-01	Oligodendroglioma	26	0.1157	40	0.3177	0	0:LIVING	Male	Not Hispanic Or Latino	White	LGG_IDHmut-codel	Oligodendroglioma	2	-14660	-37	Matched
TCGA-TM-A84O	TCGA-TM-A84O-01	Oligodendroglioma	25	0.0510	61	0.3239	0	1:DECEASED	Female	Not Hispanic Or Latino	White	LGG_IDHmut-codel	Oligodendroglioma	2	-22327	-35	Matched
TCGA-TM-A84Q	TCGA-TM-A84Q-01	Astrocytoma	29	0.1423	31	0.325	0.03	0:LIVING	Male	Not Hispanic Or Latino	White	LGG_IDHmut-non-codel	Astrocytoma	2	-11668	-29	Matched
TCGA-TM-A84R	TCGA-TM-A84R-01	Oligodendroglioma	10	0.0853	46	0.3172	0	0:LIVING	Male	Not Hispanic Or Latino	White	LGG_IDHmut-codel	Oligodendroglioma	2	-16843	-25	Matched
TCGA-TM-A84S	TCGA-TM-A84S-01	Oligodendroglioma	13	0.0839	36	0.3258	0	0:LIVING	Male	Not Hispanic Or Latino	White	LGG_IDHmut-codel	Oligodendroglioma	3	-13424	-29	Matched
TCGA-TM-A84T	TCGA-TM-A84T-01	Oligoastrocytoma	23	0.0335	19	0.3181	0.02	0:LIVING	Male	Not Hispanic Or Latino	White	LGG_IDHmut-non-codel	Oligoastrocytoma	0	-6994	-29	Matched
TCGA-TQ-A7RF	TCGA-TQ-A7RF-01	Oligodendroglioma	23	0.1007	27	0.3059	0.31	0:LIVING	Female	Not Hispanic Or Latino	White	LGG_IDHmut-non-codel	Oligodendroglioma	1	-9919	-17	Matched
TCGA-TQ-A7RG	TCGA-TQ-A7RG-01	Oligoastrocytoma	23	0.0516	36	0.3074	0.04	0:LIVING	Male	Hispanic Or Latino	White	LGG_IDHmut-codel	Oligoastrocytoma	2	-13227	-29	Matched
TCGA-TQ-A7RH	TCGA-TQ-A7RH-01	Oligoastrocytoma	37	0.2419	39	0.3208	0.16	0:LIVING	Male	Hispanic Or Latino	Black or African American	LGG_IDHmut-non-codel	Oligoastrocytoma	6	-14524	-29	Matched
TCGA-TQ-A7RI	TCGA-TQ-A7RI-01	Oligodendroglioma	24	0.1318	37	0.324	0.09	0:LIVING	Female	Hispanic Or Latino	White	LGG_IDHmut-codel	Oligodendroglioma	5	-13799	-29	Matched
TCGA-TQ-A7RJ	TCGA-TQ-A7RJ-01	Oligoastrocytoma	40	0.0111	25	0.2963	0.01	0:LIVING	Female	Hispanic Or Latino	White	LGG_IDHmut-non-codel	Oligoastrocytoma	0	-9209	-19	Matched
TCGA-TQ-A7RK	TCGA-TQ-A7RK-01	Oligoastrocytoma	21	0.0775	29	0.3029	0.14	0:LIVING	Male	Hispanic Or Latino	White	LGG_IDHmut-non-codel	Oligoastrocytoma	1	-10742	-25	Matched
TCGA-TQ-A7RM	TCGA-TQ-A7RM-01	Oligoastrocytoma	59	0.3542	41	0.3073	0.69	0:LIVING	Female	Hispanic Or Latino	White	LGG_IDHmut-non-codel	Oligoastrocytoma	9	-15154	-17	Matched
TCGA-TQ-A7RN	TCGA-TQ-A7RN-01	Oligodendroglioma	26	0.0525	32	0.307	0.09	0:LIVING	Male	Hispanic Or Latino	White	LGG_IDHmut-codel	Oligodendroglioma	2	-11823	-25	Matched
TCGA-TQ-A7RO	TCGA-TQ-A7RO-01	Oligoastrocytoma	16	0.0786	29	0.3066	0.08	0:LIVING	Male	Hispanic Or Latino	Black or African American	LGG_IDHmut-codel	Oligoastrocytoma	4	-10890	-33	Matched
TCGA-TQ-A7RP	TCGA-TQ-A7RP-01	Oligoastrocytoma	39	0.0000	66	0.3122	0.01	0:LIVING	Male	Hispanic Or Latino	Black or African American	LGG_IDHwt	Oligoastrocytoma	8	-24109	-11	Matched
TCGA-TQ-A7RQ	TCGA-TQ-A7RQ-01	Oligodendroglioma	25	0.1022	38	0.3177	0.06	0:LIVING	Female	Hispanic Or Latino	White	LGG_IDHmut-codel	Oligodendroglioma	4	-14187	-33	Matched
TCGA-TQ-A7RR	TCGA-TQ-A7RR-01	Oligoastrocytoma	26	0.1654	38	0.3198	0	0:LIVING	Male	Hispanic Or Latino	White	LGG_IDHmut-non-codel	Oligoastrocytoma	6	-14022	-27	Matched
TCGA-TQ-A7RS	TCGA-TQ-A7RS-01	Oligodendroglioma	16	0.0531	25	0.2989	0.17	0:LIVING	Female	Hispanic Or Latino	White	LGG_IDHmut-codel	Oligodendroglioma	2	-9172	-29	Matched
TCGA-TQ-A7RU	TCGA-TQ-A7RU-01	Oligodendroglioma	25	0.1183	51	0.3148	0.07	0:LIVING	Male	Hispanic Or Latino	White	LGG_IDHmut-codel	Oligodendroglioma	2	-18990	-33	Matched
TCGA-TQ-A7RV	TCGA-TQ-A7RV-01	Astrocytoma	25	0.0525	27	0.3217	0.01	0:LIVING	Male	Hispanic Or Latino	White	LGG_IDHmut-non-codel	Astrocytoma	1	-10167	-23	Matched
TCGA-TQ-A7RW	TCGA-TQ-A7RW-01	Oligodendroglioma	40	0.1522	32	0.307	0.06	1:DECEASED	Male	Hispanic Or Latino	White	LGG_IDHmut-non-codel	Oligodendroglioma	4	-11804	-31	Matched
TCGA-TQ-A8XE	TCGA-TQ-A8XE-01	Oligodendroglioma	36	0.0962	42	0.3362	0	1:DECEASED	Female	Hispanic Or Latino	White	LGG_IDHmut-non-codel	Oligodendroglioma	2	-15629	-29	Matched
TCGA-VM-A8C8	TCGA-VM-A8C8-01	Oligodendroglioma	34	0.3057	50	0.3238	0.02	0:LIVING	Female		White	LGG_IDHmut-non-codel	Oligodendroglioma	10	-18494	-17	Matched
TCGA-VM-A8C9	TCGA-VM-A8C9-01	Astrocytoma	5	0.0627	37	0.3188	0	0:LIVING	Female			LGG_IDHwt	Astrocytoma	2	-13663	-13	Matched
TCGA-VM-A8CA	TCGA-VM-A8CA-01	Oligodendroglioma	25	0.0987	54	0.3185	0	0:LIVING	Male			LGG_IDHmut-non-codel	Oligodendroglioma	19	-19991	-13	Matched
TCGA-VM-A8CB	TCGA-VM-A8CB-01	Oligodendroglioma	24	0.1011	33	0.3204	0.07	0:LIVING	Male			LGG_IDHmut-codel	Oligodendroglioma	4	-12340	-27	Matched
TCGA-VM-A8CD	TCGA-VM-A8CD-01	Astrocytoma	22	0.2173	58	0.3279	0	1:DECEASED	Male		White	LGG_IDHwt	Astrocytoma	8	-21200	-3	Matched
TCGA-VM-A8CE	TCGA-VM-A8CE-01	Oligodendroglioma	14	0.0516	25	0.315	0	0:LIVING	Male		White	LGG_IDHmut-codel	Oligodendroglioma	2	-9363	-29	Matched
TCGA-VM-A8CF	TCGA-VM-A8CF-01	Astrocytoma	33	0.3323	44	0.3315	0.04	0:LIVING	Female		White	LGG_IDHmut-non-codel	Astrocytoma	10	-16334	-9	Matched
TCGA-VM-A8CH	TCGA-VM-A8CH-01	Astrocytoma	8	0.0171	24	0.3204	0	0:LIVING	Female		White	LGG_IDHmut-non-codel	Astrocytoma	1	-9005	-27	Matched
TCGA-VV-A829	TCGA-VV-A829-01	Oligoastrocytoma	28	0.1230	44	0.3226	0.04	0:LIVING	Male	Not Hispanic Or Latino	White	LGG_IDHmut-codel	Oligoastrocytoma	5	-16163	-31	Matched
TCGA-VV-A86M	TCGA-VV-A86M-01	Astrocytoma	13	0.1191	36	0.3199	0	0:LIVING	Female	Hispanic Or Latino		LGG_IDHmut-non-codel	Astrocytoma	0	-13453	-25	Matched
TCGA-VW-A7QS	TCGA-VW-A7QS-01	Oligodendroglioma	33	0.0862	35	0.3031	0.23	0:LIVING	Female	Not Hispanic Or Latino	Asian	LGG_IDHmut-codel	Oligodendroglioma	2	-12820	-3	Matched
TCGA-VW-A8FI	TCGA-VW-A8FI-01	Astrocytoma	48	0.1075	66	0.3289	0	1:DECEASED	Male	Not Hispanic Or Latino	White	LGG_IDHwt	Astrocytoma	4	-24411	-15	Matched
TCGA-W9-A837	TCGA-W9-A837-01	Oligodendroglioma	27	0.0511	47	0.3258	0.01	0:LIVING	Male	Not Hispanic Or Latino	White	LGG_IDHmut-codel	Oligodendroglioma	2		-31	Matched
TCGA-WH-A86K	TCGA-WH-A86K-01	Astrocytoma	36	0.1614	65	0.3211	0.01	0:LIVING	Male	Not Hispanic Or Latino	White	LGG_IDHmut-non-codel	Astrocytoma	1	-24055	-21	Matched
TCGA-WY-A858	TCGA-WY-A858-01	Astrocytoma	33	0.0658	32	0.3216	0.01	0:LIVING	Female		White	LGG_IDHmut-non-codel	Astrocytoma	2	-11855	-17	Matched
TCGA-WY-A859	TCGA-WY-A859-01	Astrocytoma	29	0.1998	34	0.3152	0.02	0:LIVING	Female		White	LGG_IDHmut-non-codel	Astrocytoma	2	-12631	-21	Matched
TCGA-WY-A85A	TCGA-WY-A85A-01	Astrocytoma	14	0.0639	20	0.3252	0.02	0:LIVING	Male		White	LGG_IDHmut-non-codel	Astrocytoma	1	-7380	-25	Matched
TCGA-WY-A85B	TCGA-WY-A85B-01	Astrocytoma	13	0.0919	24	0.3309	0.03	0:LIVING	Male		White	LGG_IDHmut-non-codel	Astrocytoma	0	-8817	-23	Matched
TCGA-WY-A85C	TCGA-WY-A85C-01	Astrocytoma	27	0.0527	36	0.3184	0.04	0:LIVING	Male		White	LGG_IDHmut-non-codel	Astrocytoma	0	-13506	-23	Matched
TCGA-WY-A85D	TCGA-WY-A85D-01	Oligoastrocytoma	31	0.0674	60	0.3142	0	0:LIVING	Male		White	LGG_IDHmut-non-codel	Oligoastrocytoma	0	-21979	-23	Matched
TCGA-WY-A85E	TCGA-WY-A85E-01	Oligoastrocytoma	58	0.1742	48	0.3171	0	0:LIVING	Female		White	LGG_IDHmut-non-codel	Oligoastrocytoma	5	-17878	-19	Matched
TCGA-R8-A6YH	TCGA-R8-A6YH-01	Low-Grade Glioma (NOS)	8	0.0711		0.3313	0.11					LGG_IDHmut-non-codel	Low-Grade Glioma	1		-29	Matched
